time,prcp,pres,snow,tavg,tmax,tmin,tsun,wdir,wpgt,wspd
2015-08-12,0.0,1016.125,,25.5,33.75,18.025,,,,3.95
2015-08-13,0.0,1014.875,,25.975,34.4,18.225,,,,4.25
2015-08-14,1.0,1010.275,,25.375,33.525,19.125,,,,3.1
2015-08-15,2.0,1008.075,,23.975,31.325,19.95,,123.5,,5.8
2015-08-16,23.5,1007.475,,21.125,27.45,17.225,,162.3333,,5.8
2015-08-17,8.45,1007.775,,19.05,21.25,17.525,,301.0,,7.3333
2015-08-18,0.1,1011.825,,20.95,26.525,17.15,,191.0,,4.7667
2015-08-19,33.5,1014.775,,18.375,21.375,16.475,,120.5,,5.5
2015-08-20,2.55,1018.85,,18.6,22.4,15.95,,14.5,,7.8
2015-08-21,0.1,1022.175,,18.525,21.95,15.0,,32.0,,7.5
2015-08-22,0.0,1019.3,,18.725,24.8,13.225,,46.0,,4.95
2015-08-23,0.0,1015.575,,18.8,24.6,13.2,,173.0,,6.95
2015-08-24,3.1,1013.925,,19.55,23.475,15.5,,183.6667,,7.3667
2015-08-25,38.15,1016.25,,19.225,25.425,16.05,,52.0,,9.1
2015-08-26,0.0,1020.1,,19.55,25.7,14.675,,113.0,,11.65
2015-08-27,0.0,1017.625,,20.85,28.7,14.2,,189.0,,6.35
2015-08-28,0.0,1018.275,,22.325,29.95,14.6,,234.0,,3.5
2015-08-29,0.0,1021.5333,,23.475,31.4,16.225,,,,2.5
2015-08-30,0.0,1020.4,,23.525,31.45,15.825,,195.0,,4.35
2015-08-31,0.0,1016.4,,23.875,31.125,17.525,,,,6.6
2015-09-01,0.0,1012.1,,24.1,30.975,16.2,,210.0,,7.15
2015-09-02,0.5,1012.05,,22.275,26.975,18.2,,71.0,,5.85
2015-09-03,10.7,1013.05,,20.75,25.0,18.0,,108.0,,4.15
2015-09-04,22.8,1013.45,,19.375,22.2,16.9,,201.6667,,5.4667
2015-09-05,27.05,1012.55,,16.25,19.2,13.35,,87.6667,,9.4667
2015-09-06,0.15,1017.8,,15.3,21.4,11.05,,145.3333,,9.8667
2015-09-07,0.0,1022.0,,14.6,21.075,9.25,,48.0,,8.3
2015-09-08,0.0,1022.35,,15.125,20.975,9.25,,73.5,,6.25
2015-09-09,0.0,1020.1,,15.0,20.725,9.825,,30.5,,8.85
2015-09-10,0.0,1018.9,,15.05,19.85,10.075,,39.0,,12.5
2015-09-11,0.0,1020.125,,15.875,21.225,12.325,,119.3333,,6.8667
2015-09-12,0.0,1021.3,,16.7667,23.7667,10.6333,,181.0,,4.0
2015-09-13,0.0,1017.9,,18.6333,24.4667,12.3,,,,4.0
2015-09-14,1.2,1010.9,,20.8667,26.0,16.4667,,92.0,,9.5
2015-09-15,0.0,1011.3,,21.6667,26.6333,17.8667,,81.0,,5.6
2015-09-16,10.9,1010.125,,21.25,25.85,17.275,,224.5,,7.6333
2015-09-17,0.0,1009.1,,24.05,29.575,19.8,,174.6667,,11.3667
2015-09-18,0.1,1013.825,,22.625,28.625,18.1,,17.0,,4.15
2015-09-19,0.4,1017.45,,19.675,22.5,17.225,,99.0,,5.6
2015-09-20,0.0,1014.0,,19.1333,23.2,16.4667,,25.5,,17.45
2015-09-21,0.0,1017.325,,14.85,22.55,10.175,,200.5,,9.8
2015-09-22,0.0,1011.65,,14.3,21.325,7.9,,121.5,,8.25
2015-09-23,30.3,1008.15,,15.5,22.6,10.45,,122.3333,,8.6
2015-09-24,9.95,1014.35,,13.325,15.3,11.35,,97.0,,20.8667
2015-09-25,5.95,1015.675,,14.1,15.9,12.825,,300.0,,9.6333
2015-09-26,0.0,1019.075,,15.3,19.0,13.175,,45.5,,8.1
2015-09-27,0.0,1024.325,,14.4,17.4,12.35,,34.0,,12.9
2015-09-28,0.0,1028.225,,12.975,16.95,9.55,,79.25,,11.9
2015-09-29,0.0,1029.025,,13.325,17.525,9.1,,83.5,,13.05
2015-09-30,0.05,1029.525,,12.0,15.025,9.8,,42.0,,16.0
2015-10-01,0.0,1029.65,,12.425,16.05,9.825,,74.5,,12.4
2015-10-02,0.0,1027.375,,13.6,17.775,10.4,,35.0,,13.55
2015-10-03,7.5,1022.75,,13.725,19.525,9.875,,159.0,,8.0
2015-10-04,3.8,1019.175,,15.9,19.925,12.075,,210.0,,8.5
2015-10-05,3.95,1016.75,,14.9,21.75,10.775,,207.5,,4.2
2015-10-06,15.0,1012.45,,13.85,17.3,10.35,,240.0,,2.55
2015-10-07,7.5,1011.05,,15.125,16.575,14.3,,17.0,,6.3667
2015-10-08,0.4,1015.7,,15.25,18.125,13.55,,30.0,,7.95
2015-10-09,0.0,1018.65,,14.85,17.525,12.725,,80.5,,6.65
2015-10-10,4.15,1014.375,,13.0,14.275,12.025,,45.0,,15.3
2015-10-11,2.5,1008.575,,11.425,13.25,9.475,,64.75,,9.875
2015-10-12,0.3,1016.4,,9.825,12.575,7.375,,92.3333,,5.225
2015-10-13,12.35,1016.775,,10.025,11.025,8.85,,66.0,,4.2667
2015-10-14,20.65,1012.175,,10.675,12.35,9.15,,34.0,,12.55
2015-10-15,13.9,1011.1,,11.225,13.125,9.375,,69.0,,6.8333
2015-10-16,11.8,1014.55,,11.25,15.45,7.5,,107.5,,5.6
2015-10-17,0.0,1018.6333,,9.8,14.3667,5.9333,,75.5,,3.8
2015-10-18,3.6,1017.8333,,11.4667,16.7333,8.1333,,28.5,,5.35
2015-10-19,18.0,1015.4667,10.0,9.7333,12.7667,8.3,,22.5,,11.65
2015-10-20,0.0,1017.825,,9.3,15.075,5.4,,33.0,,5.95
2015-10-21,0.0,1019.275,,9.05,14.65,4.075,,69.0,,7.2
2015-10-22,0.0,1016.75,,9.575,13.475,6.575,,32.0,,9.75
2015-10-23,0.0,1022.025,,9.75,16.825,3.925,,68.0,,5.75
2015-10-24,0.0,1023.875,,10.075,17.5,5.725,,182.0,,6.45
2015-10-25,0.0,1023.6,,8.8,15.95,4.225,,,,2.2
2015-10-26,0.0,1024.375,,10.25,15.975,6.5,,60.0,,8.7
2015-10-27,0.0,1022.5,,10.925,16.325,8.2,,136.0,,7.5
2015-10-28,0.1,1019.125,,11.075,15.2,7.425,,122.0,,4.65
2015-10-29,3.1,1018.0,10.0,11.25,12.625,9.95,,39.5,,8.35
2015-10-30,0.0,1026.65,,11.6,16.025,7.275,,67.6667,,16.8667
2015-10-31,0.0,1033.7,,9.375,15.075,4.425,,195.0,,24.2
2015-11-01,0.0,1035.65,,7.475,13.775,3.175,,36.0,,23.55
2015-11-02,0.0,1034.75,,5.425,14.7,0.05,,30.0,,8.8
2015-11-03,0.0,1028.55,,5.725,16.35,-0.15,,274.0,,3.6
2015-11-04,0.0,1022.8,,8.15,16.625,2.15,,40.5,,4.1
2015-11-05,0.0,1022.45,,8.475,15.925,4.075,,18.0,,2.7
2015-11-06,0.0,1025.5,,8.5,17.475,3.3,,214.0,,2.45
2015-11-07,0.0,1027.925,,9.75,18.95,3.95,,318.0,,2.05
2015-11-08,0.0,1029.4,,10.75,20.8,5.175,,189.0,,2.65
2015-11-09,0.0,1025.425,,10.975,20.325,4.8,,270.0,,2.85
2015-11-10,0.0,1024.45,,10.825,18.225,7.725,,357.0,,2.1
2015-11-11,0.0,1024.5,,10.475,19.55,5.775,,288.0,,2.6
2015-11-12,0.0,1026.825,,9.85,18.5,4.775,,345.0,,2.75
2015-11-13,0.0,1027.475,,8.375,14.35,4.95,,347.0,,3.15
2015-11-14,0.0,1026.575,,8.725,14.125,5.275,,186.0,,3.35
2015-11-15,0.0,1019.35,,9.7,13.925,6.275,,233.0,,4.2667
2015-11-16,0.0,1018.275,,9.725,18.875,4.925,,279.0,,3.2
2015-11-17,0.0,1019.0,,8.375,14.1,3.15,,246.0,,3.0333
2015-11-18,0.0,1019.1,,10.5,15.35,6.325,,226.5,,6.2667
2015-11-19,0.25,1020.7,,8.625,14.7,4.275,,254.0,,4.0
2015-11-20,2.35,1010.35,,11.65,13.95,7.325,,259.0,,11.35
2015-11-21,29.35,995.45,30.0,6.625,14.275,2.0,,121.0,,10.7667
2015-11-22,1.4,1003.6,20.0,3.175,6.625,1.025,,119.5,,10.05
2015-11-23,0.0,1021.4,,1.975,5.05,-0.125,,85.5,,13.5
2015-11-24,0.0,1025.15,,2.6,4.25,1.325,,54.6667,,12.5
2015-11-25,0.2,1013.65,,1.425,3.425,0.0,,136.0,,8.275
2015-11-26,0.25,1009.575,10.0,2.15,3.95,0.625,,54.75,,8.975
2015-11-27,0.0,1014.925,,3.8,6.65,1.325,,38.3333,,15.9333
2015-11-28,0.0,1013.8,,4.1,8.4,1.725,,147.3333,,7.3
2015-11-29,0.0,1022.625,,3.475,8.975,-0.35,,104.5,,6.45
2015-11-30,0.0,1022.95,,5.05,11.8,0.45,,157.3333,,4.925
2015-12-01,0.0,1023.475,,7.65,11.775,4.375,,191.0,,4.925
2015-12-02,0.0,1029.3,,7.725,14.275,3.9,,2.0,,3.2
2015-12-03,0.05,1032.75,,5.125,8.325,2.1,,160.0,,3.2
2015-12-04,0.0,1033.5,,6.525,10.45,3.15,,182.5,,3.6333
2015-12-05,0.0,1036.45,,4.475,9.75,1.95,,159.0,,4.15
2015-12-06,0.0,1035.025,,4.175,8.85,1.375,,206.3333,,4.6
2015-12-07,0.0,1037.475,,4.1,9.8,1.075,,,,2.05
2015-12-08,0.0,1037.15,,1.675,3.625,0.275,,,,2.5
2015-12-09,0.0,1034.675,,3.475,6.025,1.85,,161.0,,3.9
2015-12-10,0.0,1037.25,,3.7,7.95,0.375,,37.5,,9.3667
2015-12-11,0.0,1032.975,,0.65,6.625,-2.225,,168.0,,4.6667
2015-12-12,0.0,1027.85,,0.8,4.4,-1.3,,92.0,,2.5
2015-12-13,0.0,1024.35,,1.375,7.475,-2.4,,,,2.7
2015-12-14,0.05,1026.875,,3.125,6.475,-0.375,,,,2.5
2015-12-15,0.0,1028.225,,4.1,8.275,1.475,,348.0,,2.7
2015-12-16,0.0,1032.125,,2.625,7.575,0.475,,148.0,,2.35
2015-12-17,0.0,1032.525,,2.65,6.3,1.025,,237.0,,4.8
2015-12-18,0.0,1028.85,,2.425,5.85,0.525,,269.3333,,3.5
2015-12-19,0.0,1029.325,,2.6,8.45,-0.025,,,,2.6
2015-12-20,0.15,1031.05,,1.675,3.95,0.1,,,,2.5
2015-12-21,0.05,1031.125,,5.05,8.675,0.35,,318.0,,6.65
2015-12-22,0.0,1033.525,,5.35,11.925,2.775,,174.6667,,4.875
2015-12-23,0.0,1032.125,,4.55,11.575,1.125,,294.0,,4.4667
2015-12-24,0.15,1032.5,,2.875,7.975,-0.025,,311.0,,2.5
2015-12-25,0.0,1034.95,,3.975,11.325,0.375,,171.5,,4.7667
2015-12-26,0.0,1034.5,,2.675,9.675,-0.2,,,,2.9
2015-12-27,0.0,1033.95,,2.475,9.35,-0.8,,,,2.05
2015-12-28,0.0,1033.175,,1.8,8.475,-1.075,,319.0,,2.85
2015-12-29,0.0,1031.275,,2.1,6.1,-1.175,,41.0,,3.45
2015-12-30,0.0,1034.65,,2.75,4.575,-0.275,,56.6667,,13.1333
2015-12-31,0.0,1032.875,,-2.075,2.1,-4.9,,99.5,,17.15
2016-01-01,0.0,1028.275,,-1.125,3.525,-4.025,,15.0,,2.45
2016-01-02,9.95,1022.55,20.0,-1.3,0.975,-4.75,,2.0,,5.9
2016-01-03,3.7,1015.525,75.0,-3.025,-1.25,-4.9,,70.0,,14.875
2016-01-04,3.75,1003.325,140.0,-3.4,-2.175,-5.95,,106.6667,,9.0
2016-01-05,4.25,1003.05,140.0,-2.75,0.1,-6.775,,33.0,,4.7
2016-01-06,0.75,1003.05,170.0,0.25,1.9,-0.825,,33.5,,10.7
2016-01-07,0.0,1004.125,160.0,0.15,5.075,-3.35,,159.3333,,4.2667
2016-01-08,3.4,1009.8,119.0,1.0,4.275,-2.825,,80.5,,3.5333
2016-01-09,18.75,1008.025,79.0,3.425,4.475,2.625,,17.0,,3.5
2016-01-10,9.15,1004.125,30.0,5.45,10.725,3.1,,120.0,,4.3
2016-01-11,11.55,997.3,,12.05,15.85,6.475,,193.5,,15.7
2016-01-12,0.0,1001.025,,6.475,12.475,2.475,,238.5,,7.425
2016-01-13,0.0,1011.7,,3.575,8.775,0.9,,226.5,,5.5
2016-01-14,6.9,1016.025,,2.35,5.45,-1.15,,112.3333,,4.8667
2016-01-15,4.5,1009.7,,2.875,5.825,0.2,,153.6667,,8.3333
2016-01-16,0.0,1015.425,,0.725,5.25,-2.125,,250.3333,,8.9
2016-01-17,1.0,1016.9,,-0.525,4.45,-4.3,,25.5,,9.55
2016-01-18,0.0,1021.6,,-2.375,1.45,-5.1,,102.6667,,7.1
2016-01-19,0.0,1019.2,,-3.675,1.2,-7.35,,75.5,,4.65
2016-01-20,0.0,1018.8,,-2.125,3.6,-6.4,,20.0,,4.05
2016-01-21,0.0,1025.275,,-1.175,5.175,-5.9,,189.0,,6.4
2016-01-22,0.0,1034.35,,-1.15,3.075,-4.55,,104.0,,11.45
2016-01-23,0.0,1034.35,,-2.975,1.5,-6.5,,9.0,,2.85
2016-01-24,0.0,1035.8,,-0.95,6.025,-6.0,,165.5,,3.9
2016-01-25,0.0,1031.2,,2.85,9.3,-0.525,,29.0,,3.4
2016-01-26,0.0,1029.5,,3.5,11.75,-0.925,,252.0,,3.9667
2016-01-27,0.0,1027.85,,4.975,13.5,-1.1,,223.0,,3.25
2016-01-28,0.0,1026.825,,6.975,12.925,3.225,,289.0,,5.425
2016-01-29,0.0,1030.275,,5.525,12.6,1.75,,158.0,,3.8667
2016-01-30,1.35,1025.525,,6.025,10.95,1.225,,277.6667,,8.075
2016-01-31,0.3,1015.1,,9.325,11.375,7.1,,261.0,,7.375
2016-02-01,0.0,1020.425,,9.2,14.65,4.95,,248.6667,,5.525
2016-02-02,0.25,1022.825,,9.575,12.175,6.075,,264.6667,,9.1
2016-02-03,29.9,1016.375,,7.95,11.825,3.525,,263.3333,,8.35
2016-02-04,3.55,1022.225,,4.675,9.55,1.475,,200.5,,5.5333
2016-02-05,0.0,1026.725,,4.3,10.225,0.2,,141.0,,5.9333
2016-02-06,0.0,1027.05,,5.6,12.0,-0.75,,260.6667,,9.1
2016-02-07,2.35,1017.825,,9.275,11.125,7.325,,199.25,,11.7
2016-02-08,12.9,1014.25,,9.775,12.7,7.325,,155.0,,8.8
2016-02-09,29.2,1009.6,,11.025,13.225,9.125,,227.3333,,12.375
2016-02-10,10.7,996.1,,5.875,10.475,2.15,,118.25,,7.525
2016-02-11,0.0,1007.85,,3.7,10.325,0.1,,178.0,,4.8667
2016-02-12,15.55,1006.475,30.0,2.1,4.575,-0.5,,210.0,,5.95
2016-02-13,9.2,996.675,61.0,4.1,8.85,1.65,,222.5,,8.5
2016-02-14,16.5,995.225,20.0,5.95,8.275,3.075,,243.0,,5.7
2016-02-15,23.7,1003.9,10.0,6.35,9.0,5.35,,,,13.3
2016-02-16,8.7,1026.5,10.0,4.8,6.725,2.95,,37.3333,,17.2667
2016-02-17,8.35,1023.075,,3.675,6.05,2.0,,249.0,,10.275
2016-02-18,8.8,1013.4,,6.5,9.25,4.9,,,,1.8
2016-02-19,6.6,1017.325,,6.025,8.4,4.225,,132.0,,3.85
2016-02-20,0.15,1023.8,,5.525,9.525,3.1,,152.3333,,10.5333
2016-02-21,0.0,1019.85,,7.425,13.3,2.325,,248.3333,,7.575
2016-02-22,0.1,1016.3,,10.325,12.875,5.725,,247.6667,,14.275
2016-02-23,7.85,1010.25,,11.25,13.25,8.2,,233.5,,10.5333
2016-02-24,0.0,1016.05,,6.475,10.225,2.6,,121.75,,11.3
2016-02-25,1.8,1012.15,,4.95,8.625,1.775,,126.0,,8.4667
2016-02-26,0.05,1013.55,,3.925,6.375,1.475,,112.25,,10.45
2016-02-27,3.85,1013.35,,2.925,6.65,-0.225,,79.0,,9.9333
2016-02-28,8.7,1013.35,,5.925,9.225,3.225,,58.0,,9.5
2016-02-29,15.05,1008.925,,7.675,10.85,5.95,,86.5,,12.1333
2016-03-01,4.5,1012.3,20.0,7.1,11.375,4.175,,171.6667,,6.9333
2016-03-02,4.05,1010.0,,6.025,13.0,1.8,,183.0,,6.95
2016-03-03,12.75,999.35,,3.825,7.875,1.85,,223.75,,10.175
2016-03-04,0.0,1004.25,,5.6,10.5,2.35,,271.0,,9.25
2016-03-05,4.8,1003.25,,7.525,11.25,2.325,,140.0,,11.275
2016-03-06,17.65,1000.8,,7.95,12.025,5.375,,232.6667,,7.825
2016-03-07,4.6,1003.825,,4.15,6.625,2.7,,136.0,,8.9
2016-03-08,7.95,1010.7,,4.6,7.35,2.75,,46.6667,,7.2
2016-03-09,0.5,1012.7333,,5.325,7.675,3.725,,59.0,,12.8
2016-03-10,0.0,1011.0667,,8.4,14.1,3.525,,217.3333,,12.7
2016-03-11,0.0,1017.5667,,8.2,10.85,7.075,,83.3333,,8.3333
2016-03-12,0.0,1021.775,,7.7,10.0,6.725,,62.6667,,11.7333
2016-03-13,0.05,1023.45,,6.875,8.775,5.75,,144.75,,17.875
2016-03-14,0.0,1025.2,,7.1,11.825,2.375,,62.5,,13.825
2016-03-15,0.95,1020.2,,3.125,6.675,-0.425,,,,6.95
2016-03-16,0.0,1026.525,,3.85,5.85,1.425,,131.5,,13.525
2016-03-17,0.0,1027.275,,6.975,13.125,2.025,,37.0,,10.05
2016-03-18,0.0,1018.175,,7.2,15.875,-0.2,,224.0,,2.75
2016-03-19,0.0,1016.675,,8.45,16.225,1.05,,211.5,,5.3
2016-03-20,0.0,1016.275,,9.225,17.0,1.875,,208.0,,4.05
2016-03-21,0.5,1015.125,,8.9,12.75,5.325,,110.6667,,5.775
2016-03-22,0.0,1007.3,,9.6667,13.8667,6.9667,,61.0,,12.2
2016-03-23,0.0,,,8.3,9.7,1.9,,,,
2016-03-24,0.0,1009.725,,7.45,12.9,2.5,,132.3333,,7.65
2016-03-25,0.0,1016.525,,7.475,13.0,1.8,,241.0,,5.775
2016-03-26,0.0,1018.475,,8.6,12.975,4.55,,,,2.5
2016-03-27,0.0,1016.725,,8.425,14.475,2.675,,174.0,,4.35
2016-03-28,0.45,1013.2,,9.275,13.1,5.025,,,,7.65
2016-03-29,0.0,1013.4667,,12.5333,17.1667,8.1667,,241.0,,7.6
2016-03-30,0.05,1017.625,,12.625,16.525,7.25,,234.6667,,10.45
2016-03-31,0.0,1016.225,,14.975,19.4,11.425,,233.6667,,14.225
2016-04-01,0.0,1015.175,,15.375,19.375,10.45,,236.0,,12.0
2016-04-02,0.0,1022.575,,12.525,17.125,8.875,,93.25,,9.7
2016-04-03,0.0,1018.75,,12.425,21.5,4.675,,180.0,,6.05
2016-04-04,0.0,1013.3,,14.675,19.925,8.275,,207.0,,12.25
2016-04-05,0.0,1010.625,,16.325,22.125,11.2,,214.5,,11.5
2016-04-06,0.0,1010.4,,15.675,22.125,9.725,,169.5,,7.0333
2016-04-07,0.0,1009.6,,14.7,20.8667,8.7667,,,,3.2
2016-04-08,7.95,1004.975,,12.8,16.45,10.25,,69.6667,,10.1667
2016-04-09,4.6,1003.925,,11.125,13.2,9.825,,106.0,,6.1
2016-04-10,0.0,1008.925,,12.525,17.675,9.25,,104.0,,5.225
2016-04-11,0.0,1012.525,,13.85,19.725,8.9,,157.0,,6.425
2016-04-12,0.0,1012.15,,14.725,20.925,7.725,,252.3333,,9.9
2016-04-13,4.5,1008.4333,,15.5,21.025,9.35,,233.0,,9.65
2016-04-14,13.65,1008.75,,12.25,16.225,7.825,,167.0,,5.925
2016-04-15,0.0,1013.125,,13.475,20.45,6.1,,171.0,,10.7
2016-04-16,0.0,1011.675,,16.45,20.825,12.25,,188.25,,14.6
2016-04-17,0.0,1011.45,,17.35,21.675,13.05,,190.25,,12.975
2016-04-18,0.1,1014.625,,14.9,18.725,11.075,,107.0,,8.75
2016-04-19,0.55,1019.325,,12.225,16.225,8.175,,75.0,,12.125
2016-04-20,0.0,1025.6,,11.1,17.425,5.1,,109.0,,6.3
2016-04-21,0.0,1024.8333,,13.4,21.0,5.5667,,163.0,,6.6
2016-04-22,0.0,1015.325,,13.925,20.525,6.05,,171.5,,6.7667
2016-04-23,5.65,1006.85,,12.525,17.75,7.125,,178.0,,6.8
2016-04-24,3.6,1004.425,,9.175,12.3,6.05,,32.0,,14.35
2016-04-25,0.0,1008.525,,7.375,12.55,3.15,,76.75,,7.15
2016-04-26,1.25,1009.0,,8.35,14.625,1.575,,54.0,,10.3
2016-04-27,21.75,1008.925,79.0,7.125,14.25,1.725,,113.3333,,12.4333
2016-04-28,1.85,1017.95,71.0,4.4,7.75,1.575,,145.3333,,12.2333
2016-04-29,0.0,1020.1,30.0,9.075,15.95,3.125,,90.3333,,9.5333
2016-04-30,0.9,1018.6333,,10.875,18.25,2.825,,,,5.4
2016-05-01,8.6,1014.1667,,10.6,12.575,8.25,,193.6667,,9.4
2016-05-02,0.55,1013.975,,12.675,15.325,10.25,,51.3333,,10.1
2016-05-03,2.05,1013.175,,14.375,19.625,10.525,,52.3333,,7.2333
2016-05-04,0.1,1016.9667,,15.0667,19.2667,10.9,,1.5,,11.75
2016-05-05,0.3,1021.9,,14.5,20.45,10.1,,95.3333,,10.5
2016-05-06,0.0,1019.175,,15.6,22.625,9.175,,141.3333,,5.275
2016-05-07,0.4,1015.2,,14.9,23.1,8.4,,196.0,,5.3333
2016-05-08,4.9,1015.95,,14.325,20.825,8.85,,96.5,,4.5333
2016-05-09,0.0,1017.9,,15.75,22.475,9.2,,164.0,,5.5
2016-05-10,0.0,1015.475,,14.775,17.625,11.4,,74.5,,4.7667
2016-05-11,10.35,1010.375,,14.4,17.65,11.875,,,,4.05
2016-05-12,18.55,1000.825,,14.825,17.05,12.925,,100.3333,,5.4667
2016-05-13,11.25,997.725,,14.45,17.2,12.225,,193.75,,12.525
2016-05-14,30.85,1003.1,,14.3,19.7,12.125,,150.3333,,6.7333
2016-05-15,5.35,1013.1,,11.45,14.025,8.65,,117.6667,,11.2
2016-05-16,0.5,1018.5,,11.225,16.775,6.7,,144.0,,6.6
2016-05-17,0.0,1018.0,,11.925,17.575,6.05,,56.0,,5.15
2016-05-18,0.05,1015.65,,14.2667,19.7667,8.1333,,120.0,,5.9667
2016-05-19,2.7,1011.275,,13.675,19.55,7.825,,127.75,,8.525
2016-05-20,0.35,1016.15,,16.1,21.325,11.725,,144.0,,8.5667
2016-05-21,0.0,1019.4,,17.35,24.225,9.275,,119.0,,5.0
2016-05-22,0.0,1016.55,,18.825,26.15,10.85,,,,6.25
2016-05-23,4.7,1010.075,,17.575,24.8,12.175,,171.0,,10.1667
2016-05-24,7.6,1008.05,,13.95,17.775,11.4,,200.25,,6.575
2016-05-25,0.0,1011.25,,17.775,25.85,10.75,,217.5,,6.1
2016-05-26,0.0,1014.825,,19.5,25.775,13.475,,119.5,,4.4333
2016-05-27,0.0,1015.6,,20.525,27.65,13.45,,197.0,,6.1333
2016-05-28,0.0,1013.1,,21.3,27.85,13.5,,216.0,,6.6667
2016-05-29,4.85,1008.475,,20.725,26.975,15.95,,207.5,,9.5667
2016-05-30,11.75,1009.05,,17.9,22.35,13.85,,198.5,,9.7
2016-05-31,3.5,1011.65,,18.025,22.8,13.975,,199.75,,10.55
2016-06-01,4.95,1012.925,,17.075,21.725,12.725,,172.0,,8.575
2016-06-02,0.05,1011.175,,17.1,21.5,13.35,,220.0,,6.425
2016-06-03,0.0,1010.275,,18.225,23.75,12.225,,143.5,,4.0333
2016-06-04,0.5,1011.375,,19.3,25.9,13.2,,213.6667,,5.575
2016-06-05,1.85,1014.125,,18.525,24.8,13.925,,152.0,,5.475
2016-06-06,0.0,1017.525,,19.775,25.975,14.925,,120.5,,5.9
2016-06-07,0.2,1020.4,,20.475,26.6,15.5,,49.3333,,6.1667
2016-06-08,2.05,1017.7,,20.025,25.625,16.15,,76.3333,,5.5
2016-06-09,12.5,1013.1,,17.65,20.2,15.925,,111.3333,,5.9333
2016-06-10,3.2,1012.15,10.0,17.975,23.325,14.7,,159.0,,8.0333
2016-06-11,15.8,1010.575,,18.6,25.15,13.15,,250.0,,6.025
2016-06-12,21.3,1009.4,,18.225,22.425,15.4,,64.5,,5.025
2016-06-13,0.3,1004.125,,19.1,24.45,14.9,,105.6667,,5.0667
2016-06-14,31.3,1001.725,,18.725,23.825,14.425,,132.6667,,5.5667
2016-06-15,3.9,1002.65,10.0,18.825,23.825,15.775,,192.25,,7.225
2016-06-16,3.15,1005.875,,21.6,27.125,15.875,,190.25,,6.725
2016-06-17,0.0,1008.25,,22.025,25.275,18.475,,214.0,,14.1333
2016-06-18,0.0,1016.525,,19.925,25.9,13.625,,87.5,,6.25
2016-06-19,4.3,1016.875,,17.175,20.725,13.2,,212.0,,11.5333
2016-06-20,2.95,1017.675,,17.7,22.7,14.05,,210.6667,,7.3333
2016-06-21,0.0,1021.7,,20.1,27.0,11.625,,211.6667,,3.8667
2016-06-22,0.0,1022.9,,23.1,28.925,15.8,,64.0,,7.8
2016-06-23,0.0,1021.8,,24.8,30.825,18.35,,67.25,,7.325
2016-06-24,0.0,1016.875,,26.675,32.75,21.0,,126.0,,5.6667
2016-06-25,1.5,1011.8,,24.875,31.375,21.075,,65.0,,6.0
2016-06-26,4.25,1013.775,,21.975,26.675,17.875,,77.5,,8.875
2016-06-27,1.6,1015.2,,20.2,23.225,17.225,,84.0,,8.6333
2016-06-28,0.0,1017.3,,20.5,26.775,13.6,,77.0,,6.7
2016-06-29,0.0,1015.525,,22.7,29.55,14.875,,258.6667,,5.2333
2016-06-30,0.0,1014.45,,23.65,29.85,16.5,,234.0,,6.4
2016-07-01,0.0,1016.65,,23.75,29.175,18.325,,171.3333,,4.4
2016-07-02,16.2,1013.975,,24.7,31.025,18.6,,244.6667,,6.2667
2016-07-03,5.4,1017.275,,19.4,24.075,16.4,,74.25,,10.075
2016-07-04,0.0,1020.5,,21.1,27.125,15.2,,126.75,,7.875
2016-07-05,0.15,1016.075,,22.3,28.25,15.25,,263.5,,7.7
2016-07-06,0.0,1014.825,,22.625,28.05,18.0,,128.5,,6.65
2016-07-07,0.0,1019.175,,21.85,26.925,17.425,,113.25,,7.55
2016-07-08,0.0,1018.225,,22.8,29.375,15.85,,187.0,,5.2667
2016-07-09,0.0,1016.775,,24.2,29.0,19.075,,146.6667,,5.2
2016-07-10,0.0,1016.375,,25.525,31.125,19.475,,196.0,,6.75
2016-07-11,0.0,1013.375,,26.225,32.575,19.1,,200.5,,5.6333
2016-07-12,0.3,1010.625,,26.275,32.725,19.975,,275.5,,5.1667
2016-07-13,11.2,1008.825,,23.875,29.0,19.775,,77.25,,7.075
2016-07-14,5.6,1010.175,,19.35,22.9,15.95,,90.25,,8.15
2016-07-15,0.25,1017.975,,17.625,20.525,14.425,,120.75,,8.925
2016-07-16,0.6,1018.475,,17.525,20.05,14.6,,293.0,,9.35
2016-07-17,0.0,1018.125,,19.9,26.05,14.65,,281.6667,,4.6
2016-07-18,3.9,1019.075,,22.1,29.825,15.3,,296.3333,,3.8333
2016-07-19,0.0,1019.65,,23.375,29.45,17.075,,148.0,,4.2
2016-07-20,0.0,1017.2,,23.675,30.15,17.575,,104.5,,3.6667
2016-07-21,0.0,1015.075,,24.375,31.075,17.975,,189.0,,3.6667
2016-07-22,0.0,1014.225,,24.875,30.175,20.15,,159.0,,4.8
2016-07-23,0.0,1014.925,,24.925,31.575,18.875,,133.5,,3.5333
2016-07-24,0.0,1015.55,,24.8,30.175,18.95,,111.3333,,5.35
2016-07-25,0.2,1015.325,,24.825,29.425,21.15,,82.75,,7.825
2016-07-26,1.25,1015.625,,24.05,30.425,19.35,,86.3333,,7.8
2016-07-27,2.1,1014.95,,23.55,29.65,19.125,,145.0,,5.4667
2016-07-28,6.2,1015.225,,21.95,27.3,19.3,,97.0,,6.5667
2016-07-29,0.0,1014.55,,23.65,29.675,18.85,,128.0,,5.8333
2016-07-30,0.0,1014.2,,24.85,31.55,18.375,,195.6667,,4.85
2016-07-31,0.6,1012.05,,24.6,31.625,20.5,,217.3333,,6.575
2016-08-01,1.3,1015.2,,20.75,24.675,18.475,,163.75,,8.05
2016-08-02,0.0,1017.675,,21.475,26.8,16.475,,114.0,,5.825
2016-08-03,0.0,1016.4,,22.75,29.05,16.6,,157.0,,4.6667
2016-08-04,0.0,1014.1,,23.9,30.575,16.625,,128.6667,,4.55
2016-08-05,3.9,1011.1,,23.25,29.85,17.925,,199.0,,6.8
2016-08-06,0.25,1019.35,,20.95,26.775,16.425,,98.25,,11.05
2016-08-07,0.0,1024.275,,21.725,27.325,16.375,,54.3333,,9.8
2016-08-08,0.0,1021.2,,21.575,28.7,14.475,,120.75,,5.85
2016-08-09,0.0,1015.9,,22.15,30.0,15.45,,75.0,,7.2667
2016-08-10,14.6,1015.1,,16.75,21.0,14.025,,87.3333,,12.4
2016-08-11,0.05,1020.975,,15.5,20.925,12.6,,95.5,,7.65
2016-08-12,0.0,1025.025,,16.5,22.825,9.575,,122.0,,5.6333
2016-08-13,0.0,1025.05,,19.95,26.425,14.7,,173.5,,4.7
2016-08-14,0.0,1022.175,,21.575,28.6,14.25,,166.5,,4.4
2016-08-15,0.15,1019.325,,22.225,29.125,17.675,,113.0,,4.6
2016-08-16,0.0,1015.6,,21.7,27.375,16.8,,156.0,,4.9667
2016-08-17,3.2,1011.4,,20.25,24.675,17.975,,105.0,,5.825
2016-08-18,4.7,1011.375,,19.975,24.875,15.775,,191.0,,4.0
2016-08-19,0.0,1012.35,,21.225,26.625,17.25,,128.0,,4.1
2016-08-20,25.5,1015.275,,22.275,28.25,16.6,,167.5,,4.3
2016-08-21,9.3,1015.9333,,20.775,25.075,16.075,,138.0,,7.8333
2016-08-22,3.55,1022.4,,19.675,24.55,14.45,,104.0,,11.8
2016-08-23,0.0,1024.6,,20.9,27.075,13.95,,71.0,,8.8
2016-08-24,0.0,1023.525,,21.275,27.55,14.95,,52.25,,7.4
2016-08-25,0.0,1021.65,,21.4,27.3,15.525,,61.75,,6.475
2016-08-26,0.0,1021.15,,21.2,28.475,14.425,,165.3333,,5.9
2016-08-27,0.0,1020.825,,21.6,28.9,14.875,,167.0,,5.3667
2016-08-28,0.0,1018.225,,21.95,29.3,15.5,,,,2.75
2016-08-29,3.7,1016.35,,21.875,29.95,16.625,,181.5,,5.9333
2016-08-30,0.0,1020.1,,22.4,27.975,18.325,,43.6667,,9.9333
2016-08-31,0.0,1021.625,,21.15,26.925,16.225,,82.3333,,7.4333
2016-09-01,14.9,1020.3,,21.275,28.675,14.575,,195.6667,,6.2
2016-09-02,0.0,1019.45,,22.325,29.025,17.75,,201.0,,4.9
2016-09-03,0.0,1018.675,,21.625,28.625,15.7,,169.0,,2.6
2016-09-04,1.25,1015.95,,22.225,29.575,17.125,,234.0,,4.5667
2016-09-05,2.65,1014.45,,19.45,24.175,16.6,,95.25,,5.775
2016-09-06,0.5,1019.225,,16.875,19.075,15.35,,173.75,,6.725
2016-09-07,0.0,1020.85,,20.375,25.3,15.75,,181.3333,,8.0667
2016-09-08,0.0,1016.0,,21.425,27.05,16.725,,167.0,,9.8333
2016-09-09,0.0,1015.35,,22.3,29.375,15.925,,60.6667,,6.0667
2016-09-10,0.0,1015.9,,22.225,28.6,16.275,,67.3333,,6.0333
2016-09-11,0.0,1016.875,,22.35,28.975,16.9,,270.5,,5.8
2016-09-12,0.0,1018.675,,22.375,30.25,16.4,,114.0,,4.5333
2016-09-13,0.0,1016.55,,22.075,29.4,16.025,,198.0,,4.7333
2016-09-14,0.0,1014.85,,20.775,27.55,15.4,,46.5,,3.1
2016-09-15,0.15,1015.55,,20.575,27.25,15.6,,133.0,,4.6
2016-09-16,20.55,1014.45,,20.0,24.675,17.1,,216.0,,7.5667
2016-09-17,9.1,1010.125,,18.525,21.925,16.15,,221.0,,6.2667
2016-09-18,3.5,1011.15,,16.625,21.175,14.125,,46.5,,3.9667
2016-09-19,0.05,1009.125,,18.05,23.35,14.5,,227.25,,6.4
2016-09-20,0.15,1013.125,,16.775,21.25,13.175,,75.5,,6.3
2016-09-21,0.0,1017.5,,14.75,19.025,11.2,,64.25,,8.3
2016-09-22,0.0,1021.7,,14.025,20.675,8.275,,81.6667,,5.9667
2016-09-23,0.0,1024.925,,14.45,21.975,8.3,,238.5,,3.3667
2016-09-24,0.0,1026.1,,16.1,23.125,10.9,,67.0,,4.1
2016-09-25,0.0,1021.95,,15.55,23.075,9.475,,127.5,,4.7667
2016-09-26,0.0,1021.2,,15.75,22.575,10.3,,77.6667,,4.5333
2016-09-27,0.0,1024.725,,15.8,22.2,11.525,,108.0,,3.7
2016-09-28,0.0,1028.825,,15.225,22.8,8.825,,110.0,,4.1
2016-09-29,0.0,1025.0,,16.325,24.4,10.2,,217.0,,4.5
2016-09-30,0.0,1019.15,,17.35,23.75,11.4,,167.3333,,4.3
2016-10-01,2.65,1015.325,,17.8,23.625,11.975,,181.3333,,8.7333
2016-10-02,15.55,1014.375,,15.725,18.125,13.275,,212.5,,4.5
2016-10-03,6.2,1020.3,,13.4,17.75,9.075,,151.3333,,10.1
2016-10-04,0.05,1021.925,,11.325,16.45,6.525,,199.0,,5.6
2016-10-05,0.0,1022.475,,9.625,15.05,5.25,,99.6667,,9.4
2016-10-06,0.0,1016.35,,8.85,16.6,1.925,,112.0,,3.9
2016-10-07,0.0,1016.35,,9.5,12.775,6.225,,69.5,,7.6
2016-10-08,0.2,1018.85,,9.325,13.775,4.95,,162.3333,,6.8667
2016-10-09,0.5,1021.7,,10.325,14.5,6.75,,151.3333,,7.4667
2016-10-10,3.6,1020.825,,7.375,9.75,5.375,,167.6667,,11.0333
2016-10-11,0.15,1015.275,,7.225,9.95,4.35,,179.6667,,8.7
2016-10-12,0.0,1014.55,,7.9,14.9,3.975,,202.6667,,5.8333
2016-10-13,0.0,1018.9,,8.025,12.9,2.425,,187.3333,,4.9667
2016-10-14,8.55,1017.925,,11.8,14.525,9.075,,104.3333,,6.9333
2016-10-15,20.45,1016.275,,12.75,14.85,10.825,,120.0,,4.6333
2016-10-16,0.0,1021.925,,13.7,18.35,10.85,,205.5,,3.4667
2016-10-17,0.05,1025.025,,12.925,17.6,9.05,,73.0,,3.5333
2016-10-18,1.4,1022.525,,11.5,13.725,9.9,,85.0,,6.1333
2016-10-19,9.95,1019.725,,11.375,14.15,9.7,,97.25,,6.025
2016-10-20,31.65,1015.4,,8.75,11.125,7.575,,160.75,,10.85
2016-10-21,2.25,1014.875,,8.075,10.425,5.2,,181.6667,,10.8
2016-10-22,0.0,1017.425,,7.725,13.975,3.025,,104.5,,7.9667
2016-10-23,0.3,1018.675,,10.125,14.95,5.475,,220.0,,5.6333
2016-10-24,6.45,1020.625,,14.75,16.7,11.475,,225.0,,10.3
2016-10-25,16.9,1021.125,,17.475,20.075,14.95,,237.6667,,10.65
2016-10-26,5.95,1023.6,,14.975,17.3,13.175,,56.0,,7.0
2016-10-27,0.0,1029.5,,11.225,14.275,7.85,,81.6667,,8.0333
2016-10-28,0.0,1033.475,,9.175,13.95,5.525,,102.0,,6.3667
2016-10-29,0.0,1029.025,,9.975,18.625,5.45,,161.0,,3.3
2016-10-30,0.0,1027.05,,9.6,16.375,5.075,,154.3333,,6.1
2016-10-31,0.0,1028.25,,9.325,14.75,5.125,,113.3333,,8.0
2016-11-01,0.0,1024.125,,8.325,15.8,3.375,,173.5,,3.5667
2016-11-02,0.45,1015.175,,10.975,15.05,6.95,,266.0,,5.9333
2016-11-03,0.1,1019.8,,8.05,11.35,3.6,,118.0,,11.2667
2016-11-04,0.0,1021.95,,5.05,10.875,1.175,,95.3333,,8.0667
2016-11-05,28.5,1010.625,,9.0,14.35,2.975,,119.3333,,6.9333
2016-11-06,21.1,997.45,,14.25,17.8,8.625,,155.5,,11.075
2016-11-07,36.6,1006.525,,6.75,10.55,4.85,,140.5,,7.175
2016-11-08,1.55,1009.4,,4.725,6.5,3.575,,58.5,,11.975
2016-11-09,0.9,1009.85,,4.525,9.0,2.225,,151.6667,,8.6667
2016-11-10,0.05,1011.475,,5.5,10.175,2.6,,245.3333,,5.45
2016-11-11,15.55,1012.55,,5.3,8.55,2.225,,236.6667,,7.475
2016-11-12,0.3,1016.15,,5.45,8.7,2.375,,227.5,,11.425
2016-11-13,0.05,1025.575,,2.9,6.9,-0.425,,52.0,,8.4333
2016-11-14,0.0,1031.25,,2.875,5.45,0.35,,27.5,,19.45
2016-11-15,0.0,1033.25,,1.225,6.15,-2.35,,156.5,,11.2333
2016-11-16,0.0,1025.25,,4.55,8.775,0.475,,198.0,,4.0
2016-11-17,0.0,1019.5,,8.525,13.575,4.25,,291.0,,7.8333
2016-11-18,8.9,1016.175,,11.35,13.075,7.6,,211.0,,9.0
2016-11-19,28.65,1013.05,,12.1,14.575,9.825,,105.25,,6.4
2016-11-20,5.7,1016.95,,10.95,14.95,7.9,,146.5,,4.9
2016-11-21,9.65,1017.85,,12.55,15.475,10.45,,232.0,,5.8667
2016-11-22,0.1,1019.775,,12.375,17.3,9.125,,126.0,,5.8333
2016-11-23,0.05,1022.0,,13.5,17.05,10.4,,,,0.2
2016-11-24,0.25,1019.975,,13.3,17.05,9.95,,175.0,,7.6333
2016-11-25,3.05,1018.075,,11.15,12.55,10.125,,63.5,,5.6667
2016-11-26,2.85,1017.15,,9.55,11.2,8.625,,94.5,,6.5333
2016-11-27,1.15,1013.4,,9.675,11.475,7.925,,85.5,,3.9333
2016-11-28,0.1,1020.1,,4.525,8.925,0.15,,73.75,,12.975
2016-11-29,0.0,1031.675,,0.5,4.9,-2.825,,74.5,,7.625
2016-11-30,0.0,1032.125,,0.125,6.425,-4.15,,228.5,,3.6333
2016-12-01,0.0,1022.425,,0.95,7.5,-2.425,,201.3333,,3.5667
2016-12-02,0.0,1015.875,,2.75,8.35,-1.9,,161.6667,,4.625
2016-12-03,0.0,1024.8,,2.65,6.55,-0.425,,200.0,,9.8333
2016-12-04,0.0,1029.75,,1.4,6.225,-2.05,,67.6667,,8.8
2016-12-05,0.0,1030.525,,2.775,7.525,-0.15,,159.5,,6.4
2016-12-06,0.0,1030.525,,1.4,8.95,-2.625,,97.0,,3.4333
2016-12-07,0.0,1037.975,,0.7,5.05,-1.575,,270.5,,7.8
2016-12-08,0.0,1037.125,,-0.175,4.3,-2.375,,66.0,,2.9
2016-12-09,0.0,1031.75,,1.7,10.05,-2.425,,169.0,,3.1
2016-12-10,0.0,1028.25,,1.1,8.8,-2.975,,222.0,,2.7333
2016-12-11,0.0,1020.375,,2.9,10.1,-2.4,,187.5,,2.8667
2016-12-12,0.0,1020.95,,4.2,10.7,0.8,,83.5,,3.7
2016-12-13,0.0,1029.975,,3.0,7.975,-0.775,,120.5,,7.0333
2016-12-14,0.0,1026.6,,2.85,8.95,-1.325,,82.0,,2.8667
2016-12-15,0.0,1029.775,,3.225,6.075,0.025,,60.0,,6.4
2016-12-16,0.0,1035.525,,2.525,4.175,-0.575,,72.0,,12.2
2016-12-17,0.0,1039.0,,0.2,7.025,-3.525,,193.0,,6.6
2016-12-18,0.0,1035.25,,-0.8,5.725,-4.375,,147.5,,3.1333
2016-12-19,0.0,1034.475,,0.525,1.975,-1.825,,80.0,,10.3667
2016-12-20,0.0,1032.625,,0.7,2.35,-0.55,,121.75,,9.65
2016-12-21,0.0,1034.25,,-0.425,1.25,-1.55,,116.75,,13.05
2016-12-22,0.0,1035.35,,-0.025,2.15,-1.2,,138.5,,6.75
2016-12-23,0.0,1035.925,,0.975,4.525,-1.625,,112.3333,,6.5667
2016-12-24,0.0,1031.575,,-0.15,3.2,-2.525,,75.0,,3.5
2016-12-25,0.0,1027.875,,0.725,3.95,-1.2,,296.0,,2.6667
2016-12-26,0.0,1027.675,,2.2,9.475,-1.6,,181.5,,2.8333
2016-12-27,0.0,1031.475,,4.6,11.6,0.15,,204.6667,,7.5667
2016-12-28,0.05,1033.575,,4.825,10.275,-0.275,,130.6667,,8.125
2016-12-29,0.0,1039.65,10.0,0.85,5.325,-3.175,,161.5,,9.55
2016-12-30,0.0,1040.125,,-1.9,4.0,-5.675,,176.0,,6.7333
2016-12-31,0.0,1034.825,,-1.825,5.625,-6.0,,223.5,,3.1333
2017-01-01,0.0,1025.825,,-1.8,6.575,-6.35,,123.0,,2.4333
2017-01-02,0.05,1019.575,,0.875,8.575,-5.575,,107.5,,4.1667
2017-01-03,0.0,1022.95,,0.975,5.75,-3.075,,123.0,,8.9
2017-01-04,0.0,1012.95,,-0.125,5.775,-4.9,,126.0,,4.6
2017-01-05,0.0,1015.925,,-0.35,4.525,-4.6,,18.6667,,12.1667
2017-01-06,0.0,1030.375,,-3.775,-1.35,-6.6,,28.0,,14.1
2017-01-07,0.0,1032.35,,-6.475,-1.725,-10.325,,83.75,,8.325
2017-01-08,0.0,1027.7,,-5.85,-2.65,-9.825,,129.6667,,5.2
2017-01-09,0.0,1025.3,10.0,-6.125,-0.675,-11.6,,157.3333,,5.05
2017-01-10,0.0,1020.7,10.0,-5.975,-2.425,-11.825,,80.5,,13.35
2017-01-11,0.0,1021.575,10.0,-8.225,-2.2,-14.6,,151.0,,10.2667
2017-01-12,3.5,1016.675,,-0.5,3.55,-6.875,,216.5,,9.0333
2017-01-13,42.6,1001.55,130.0,3.0,6.375,0.35,,148.5,,9.7667
2017-01-14,0.0,1008.3,150.0,-0.7,3.25,-3.3,,176.0,,3.6333
2017-01-15,0.0,1018.9,140.0,-2.15,2.425,-5.325,,155.75,,7.075
2017-01-16,0.0,1019.95,140.0,-2.525,0.075,-5.675,,162.3333,,14.2333
2017-01-17,0.0,1024.05,130.0,-0.425,1.5,-1.775,,67.25,,20.325
2017-01-18,0.0,1030.575,119.0,-0.625,0.425,-1.6,,61.25,,20.3
2017-01-19,0.0,1035.075,109.0,-1.575,2.65,-5.775,,72.0,,16.775
2017-01-20,0.0,1037.05,109.0,-5.25,0.925,-9.2,,39.0,,21.55
2017-01-21,0.0,1034.65,99.0,-4.75,2.65,-9.875,,149.5,,11.1
2017-01-22,0.0,1033.6,99.0,-4.75,0.525,-8.625,,148.5,,11.5
2017-01-23,0.0,1027.9,99.0,-4.3,-0.625,-7.625,,126.6667,,5.525
2017-01-24,0.0,1024.95,99.0,-3.575,-1.825,-5.7,,124.0,,13.6
2017-01-25,0.0,1029.25,89.0,-2.75,-0.8,-4.575,,94.25,,17.475
2017-01-26,0.0,1032.425,89.0,-1.275,0.45,-2.725,,111.25,,13.925
2017-01-27,0.0,1030.95,89.0,-2.125,3.1,-6.6,,104.6667,,7.2333
2017-01-28,0.0,1027.5,89.0,-3.675,0.6,-7.75,,155.3333,,4.4333
2017-01-29,0.0,1028.325,89.0,-3.825,-1.475,-5.425,,71.75,,4.625
2017-01-30,0.1,1026.25,89.0,-3.625,-2.025,-5.175,,114.6667,,4.9
2017-01-31,12.55,1021.925,89.0,-0.95,1.35,-3.6,,55.5,,4.0667
2017-02-01,23.2,1021.45,79.0,1.775,2.675,0.675,,43.5,,4.1
2017-02-02,1.5,1020.1,51.0,5.825,9.8,1.675,,280.5,,8.6
2017-02-03,8.1,1013.475,,8.6,11.225,6.0,,169.3333,,12.2667
2017-02-04,13.8,1008.25,,7.175,11.025,4.35,,201.0,,7.9333
2017-02-05,16.85,1007.75,,5.2,9.175,1.05,,204.5,,6.2667
2017-02-06,7.35,1007.1,,5.85,7.15,4.575,,94.3333,,15.6667
2017-02-07,0.0,1016.2,,4.725,6.925,3.575,,85.75,,8.55
2017-02-08,0.0,1021.7,,2.575,4.525,0.95,,77.0,,11.325
2017-02-09,0.0,1027.075,,0.675,1.75,-0.0,,62.0,,15.4
2017-02-10,0.25,1026.575,,1.375,2.4,0.65,,69.75,,11.625
2017-02-11,0.0,1026.75,10.0,2.275,4.0,0.825,,82.6667,,8.4333
2017-02-12,0.2,1030.175,,3.075,5.05,1.575,,193.3333,,4.5
2017-02-13,0.2,1033.825,,2.425,3.925,1.05,,66.0,,11.45
2017-02-14,0.0,1036.15,,2.1,8.75,-2.1,,211.3333,,7.9667
2017-02-15,0.0,1036.5,,2.525,11.35,-2.775,,162.0,,3.2
2017-02-16,0.0,1032.85,,3.475,12.075,-1.9,,132.0,,2.7667
2017-02-17,3.3,1025.1667,,4.05,11.8,-2.225,,69.5,,4.675
2017-02-18,2.05,1024.8,,5.75,10.15,2.075,,70.0,,5.5333
2017-02-19,0.0,1025.3333,,5.1,9.7,1.125,,234.0,,3.3667
2017-02-20,0.0,1023.2,,4.25,11.625,-0.525,,113.5,,4.05
2017-02-21,0.0,1017.525,,5.925,9.15,2.175,,227.3333,,6.5
2017-02-22,0.0,1016.5,,7.075,11.225,2.975,,256.6667,,8.8
2017-02-23,0.0,1012.3,,9.975,12.625,7.175,,254.0,,16.075
2017-02-24,19.65,1009.225,,8.5,11.8,3.025,,262.3333,,12.45
2017-02-25,7.0,1022.6667,20.0,4.725,9.675,0.9,,122.5,,8.4667
2017-02-26,0.0,1021.15,,4.5,11.45,-1.375,,273.0,,5.0
2017-02-27,0.0,1015.675,,6.95,13.95,1.025,,248.0,,8.4333
2017-02-28,8.2,1006.05,,10.7,13.15,8.175,,227.0,,13.1
2017-03-01,4.85,1008.3,10.0,6.575,11.55,1.675,,219.3333,,7.625
2017-03-02,0.0,1014.9,,7.225,13.85,0.875,,243.5,,7.5667
2017-03-03,0.0,1018.95,,8.9,13.95,4.125,,150.0,,5.3667
2017-03-04,6.95,1009.4,,11.5,14.775,7.95,,233.0,,11.8
2017-03-05,5.15,1008.425,,9.7,12.125,7.7,,221.3333,,10.175
2017-03-06,4.2,1005.475,,8.475,12.9,5.425,,146.0,,7.9333
2017-03-07,1.5,1007.5,,8.725,13.0,5.525,,60.0,,8.95
2017-03-08,0.0,1020.7,,8.1,14.375,2.1,,74.6667,,9.1333
2017-03-09,0.0,1019.25,,9.175,15.35,4.075,,243.0,,6.0333
2017-03-10,0.0,1017.475,,9.925,14.6,5.05,,213.6667,,15.5333
2017-03-11,0.0,1021.475,,8.35,13.4,3.425,,79.0,,7.825
2017-03-12,0.0,1018.7,,6.25,11.7,1.975,,167.0,,7.4333
2017-03-13,0.0,1023.8,,5.9,13.225,-0.025,,125.3333,,5.9
2017-03-14,0.0,1028.3,,7.35,15.85,0.3,,170.5,,3.2333
2017-03-15,0.0,1028.125,,8.575,16.075,1.975,,15.0,,3.7333
2017-03-16,0.0,1024.55,,8.775,16.975,1.75,,121.0,,3.5333
2017-03-17,0.0,1017.05,,10.2,19.1,2.325,,227.0,,5.1667
2017-03-18,0.0,1009.4,,11.1,16.325,5.55,,260.0,,8.05
2017-03-19,0.0,1010.925,,10.8,16.15,6.025,,133.5,,4.6
2017-03-20,0.0,1011.95,,12.825,19.675,6.65,,227.0,,6.475
2017-03-21,0.0,1011.2,,12.75,18.375,7.075,,243.0,,5.75
2017-03-22,0.0,1012.475,,11.95,15.825,7.575,,239.5,,6.6
2017-03-23,0.0,1016.925,,13.0,19.45,7.275,,238.0,,7.1
2017-03-24,0.0,1022.625,,12.925,19.425,6.475,,70.5,,5.5333
2017-03-25,0.0,1023.725,,11.5,17.95,6.425,,90.25,,7.45
2017-03-26,0.0,1020.6667,,8.025,13.35,4.25,,99.0,,8.8667
2017-03-27,0.0,1026.3,,7.85,15.8,0.75,,65.5,,6.225
2017-03-28,0.0,1024.375,,10.25,19.825,1.65,,95.5,,3.8
2017-03-29,0.0,1023.625,,12.8,22.825,3.2,,250.0,,3.9
2017-03-30,0.0,1025.75,,13.8,21.8,5.85,,207.5,,4.0333
2017-03-31,0.0,1023.275,,14.1,22.075,6.275,,157.5,,4.9667
2017-04-01,0.0,1016.35,,14.2,21.925,5.775,,219.5,,7.0667
2017-04-02,0.0,1016.475,,14.45,22.25,7.1,,219.5,,5.2667
2017-04-03,0.0,1017.575,,15.15,24.275,6.4,,230.0,,6.8
2017-04-04,9.05,1017.275,10.0,13.975,21.425,8.5,,89.3333,,10.9667
2017-04-05,0.05,1017.6,,13.2,17.55,9.775,,136.5,,6.5333
2017-04-06,1.8,1017.05,,11.55,15.475,7.95,,93.6667,,6.925
2017-04-07,0.15,1019.55,,10.625,16.625,5.325,,161.5,,5.6333
2017-04-08,0.0,1021.525,,13.425,20.425,6.05,,62.0,,4.4667
2017-04-09,0.0,1024.75,,14.675,20.9,9.725,,64.0,,3.9667
2017-04-10,0.0,1020.25,,14.775,23.125,6.6,,228.5,,5.1
2017-04-11,9.0,1018.125,,13.175,18.825,8.675,,105.0,,6.525
2017-04-12,0.0,1020.025,,11.825,17.975,6.45,,152.5,,9.2
2017-04-13,0.0,1011.75,,14.1,20.45,8.425,,84.0,,4.7667
2017-04-14,4.5,1013.875,,15.025,20.875,10.0,,114.6667,,7.075
2017-04-15,3.4,1014.825,10.0,12.925,16.05,10.525,,174.5,,6.2333
2017-04-16,9.15,1014.0,,11.925,17.5,8.325,,124.5,,6.1667
2017-04-17,2.25,1015.65,,9.775,15.05,4.875,,213.0,,6.6667
2017-04-18,7.65,1014.15,,6.8,10.075,3.6,,88.6667,,8.6333
2017-04-19,0.0,1017.3,,5.95,9.1,1.975,,240.0,,16.3333
2017-04-20,0.0,1024.425,,7.0,11.0,2.525,,258.0,,17.5
2017-04-21,0.0,1028.725,,6.775,13.825,-0.675,,197.75,,6.2
2017-04-22,0.0,1021.1,,9.875,17.2,1.2,,277.0,,4.5333
2017-04-23,0.0,1019.8,,9.425,13.75,5.75,,151.0,,7.6667
2017-04-24,0.05,1020.175,,11.025,15.8,6.675,,228.0,,9.4667
2017-04-25,0.5,1012.825,,14.45,17.8,10.6,,228.6667,,13.375
2017-04-26,4.25,1009.575,,14.625,17.3,12.55,,197.0,,11.6
2017-04-27,46.6,1008.8,,12.6,15.725,9.85,,68.0,,7.7
2017-04-28,28.0,1007.4,10.0,10.225,14.35,8.775,,125.25,,7.975
2017-04-29,0.0,1016.925,,9.825,15.225,4.75,,52.3333,,7.7333
2017-04-30,0.0,1017.525,,10.525,16.65,3.025,,51.6667,,6.9
2017-05-01,0.15,1013.2,,13.375,19.125,8.65,,111.0,,6.4333
2017-05-02,0.0,1015.85,,13.55,18.725,8.65,,217.5,,7.2667
2017-05-03,0.0,1018.075,,12.1,18.05,6.475,,58.5,,4.2333
2017-05-04,1.4,1015.625,,12.55,18.425,7.15,,233.0,,6.1667
2017-05-05,0.55,1016.1,,11.975,15.725,8.85,,178.0,,3.8667
2017-05-06,4.85,1014.45,,13.7,20.675,6.55,,219.0,,7.9667
2017-05-07,3.6,1008.5,,14.175,19.0,10.7,,274.6667,,6.1
2017-05-08,1.4,1009.9,,14.65,20.75,9.45,,266.0,,4.7667
2017-05-09,1.2,1011.4667,,12.75,16.4,9.625,,76.5,,9.375
2017-05-10,0.0,1013.85,,11.2,16.875,6.6,,119.6667,,9.15
2017-05-11,3.2,1009.275,,15.15,19.175,9.375,,236.3333,,10.2
2017-05-12,0.9,1005.9,,18.375,22.7,14.3,,235.6667,,10.025
2017-05-13,0.4,1011.4,,17.475,21.525,13.175,,214.5,,5.5
2017-05-14,9.35,1019.1,,17.55,23.35,12.2,,323.0,,4.5333
2017-05-15,0.15,1025.2,,16.85,20.375,13.8,,278.0,,7.8333
2017-05-16,0.0,1026.825,,18.375,24.675,11.025,,76.5,,5.7333
2017-05-17,0.0,1023.675,,18.925,23.65,14.275,,66.0,,6.3667
2017-05-18,0.0,1017.925,,18.425,25.35,10.575,,168.0,,5.8
2017-05-19,0.0,1013.025,,19.325,25.975,11.0,,218.5,,9.4
2017-05-20,22.7,1014.825,,16.625,20.575,13.3,,143.0,,7.7
2017-05-21,0.0,1019.0,,17.75,22.65,12.85,,169.0,,10.7
2017-05-22,0.25,1018.325,,18.375,25.375,11.05,,179.5,,6.0333
2017-05-23,1.05,1016.575,,19.425,25.6,13.775,,256.0,,6.1333
2017-05-24,1.3,1016.875,,18.3,23.475,13.675,,269.5,,5.1667
2017-05-25,1.0,1018.45,,16.95,21.475,11.65,,75.0,,7.65
2017-05-26,0.0,1019.15,,17.4,23.35,10.15,,72.3333,,5.6667
2017-05-27,0.0,1020.05,,19.475,25.925,12.65,,111.0,,5.1667
2017-05-28,0.0,1021.9,,20.25,26.15,13.55,,71.5,,4.8333
2017-05-29,0.0,1017.5667,,20.875,27.725,12.65,,153.0,,5.1
2017-05-30,0.0,1014.8,,22.25,29.425,15.15,,196.0,,3.5
2017-05-31,0.0,1017.375,,22.325,28.975,17.45,,216.0,,5.975
2017-06-01,0.0,1018.575,,21.85,27.375,16.775,,88.0,,5.85
2017-06-02,0.0,1017.275,,21.5,28.15,16.575,,131.5,,4.8667
2017-06-03,1.95,1014.825,,21.85,27.95,16.35,,211.0,,4.4667
2017-06-04,0.0,1011.65,,22.35,28.6,16.4,,152.3333,,10.3333
2017-06-05,0.0,1013.975,,20.65,25.875,16.95,,136.3333,,5.425
2017-06-06,37.9,1008.75,,20.35,25.7,15.85,,208.5,,7.4667
2017-06-07,4.25,1015.55,,15.725,19.45,12.425,,87.25,,10.2
2017-06-08,2.55,1021.275,,16.65,23.05,9.675,,110.0,,7.575
2017-06-09,0.0,1017.225,,19.1,26.175,11.15,,253.0,,6.6
2017-06-10,0.0,1017.425,,19.75,26.075,13.5,,92.0,,5.0
2017-06-11,0.0,1019.575,,21.375,27.1,15.4,,55.3333,,6.7333
2017-06-12,0.0,1015.2,,22.475,30.075,13.725,,201.5,,5.1667
2017-06-13,0.0,1013.75,,23.825,29.625,18.0,,143.0,,4.7
2017-06-14,0.3,1015.725,,21.575,25.85,18.1,,93.5,,7.2667
2017-06-15,0.0,1016.4,,22.325,28.35,15.825,,118.0,,6.5333
2017-06-16,1.6,1015.175,,21.325,27.25,17.175,,166.5,,5.1
2017-06-17,0.15,1017.125,,20.975,26.125,17.35,,87.25,,9.05
2017-06-18,0.0,1020.875,,20.55,26.625,14.15,,79.3333,,8.375
2017-06-19,0.0,1021.825,,21.875,28.575,13.95,,249.0,,4.4
2017-06-20,0.0,1017.35,,23.525,30.825,15.125,,224.0,,5.0333
2017-06-21,0.2,1014.6667,,24.5,31.4667,19.5667,,290.0,,4.0667
2017-06-22,0.0,1014.925,,25.45,33.125,17.075,,197.0,,5.1667
2017-06-23,0.0,1013.375,,26.35,32.575,21.7,,232.6667,,7.45
2017-06-24,0.0,1014.45,,25.8,32.8,19.275,,161.0,,5.6333
2017-06-25,20.95,1012.725,,22.275,26.6,18.825,,214.0,,6.9333
2017-06-26,0.0,1013.4,,23.3,30.025,17.125,,148.25,,6.125
2017-06-27,4.1,1010.325,,22.475,27.925,17.275,,178.0,,5.9
2017-06-28,31.0,1004.5,,21.425,29.05,16.275,,219.5,,7.4667
2017-06-29,15.05,1001.9,,21.1,26.275,15.625,,226.0,,11.8
2017-06-30,15.45,1008.325,,20.725,25.975,15.15,,219.6667,,9.5
2017-07-01,9.0,1011.025,,20.55,26.125,15.6,,175.0,,7.8333
2017-07-02,0.0,1014.325,,20.025,25.3,13.525,,93.6667,,6.6667
2017-07-03,0.9,1018.5,,21.325,26.1,17.325,,85.5,,6.0667
2017-07-04,0.0,1020.15,,21.9,28.325,14.95,,205.0,,5.6667
2017-07-05,0.0,1018.25,,23.4,30.0,15.975,,224.5,,5.2667
2017-07-06,0.0,1017.425,,25.1,32.275,18.375,,186.5,,5.7
2017-07-07,0.0,1016.6,,24.2,32.125,18.35,,202.5,,5.0333
2017-07-08,0.0,1015.2,,25.075,31.75,19.3,,219.5,,5.4333
2017-07-09,0.0,1013.375,,26.35,32.9,19.9,,152.5,,5.5
2017-07-10,0.0,1010.575,,26.9,32.625,21.425,,238.5,,7.2333
2017-07-11,6.25,1012.025,,24.6,30.15,19.35,,223.6667,,5.9333
2017-07-12,0.5,1013.05,,23.5,29.575,17.775,,205.0,,6.8
2017-07-13,0.3,1014.375,,23.625,28.575,19.175,,71.75,,7.975
2017-07-14,4.2,1015.725,,18.475,22.775,14.025,,162.0,,9.15
2017-07-15,0.25,1016.175,,19.95,25.1,15.025,,65.75,,9.475
2017-07-16,0.0,1021.55,,19.375,25.225,12.875,,17.5,,8.7
2017-07-17,0.0,1021.525,,20.575,27.8,12.45,,216.0,,4.0
2017-07-18,0.0,1019.4,,22.675,29.675,15.175,,121.6667,,4.675
2017-07-19,0.0,1015.775,,23.8,31.05,16.175,,236.5,,7.2
2017-07-20,0.0,1011.75,,24.4,31.85,16.3,,232.5,,5.3667
2017-07-21,0.0,1012.85,,25.575,31.925,18.625,,116.5,,4.8667
2017-07-22,0.0,1012.5,,26.4,32.8,20.6,,206.5,,6.6667
2017-07-23,0.15,1013.2,,24.75,31.55,18.525,,314.5,,4.8333
2017-07-24,15.2,1007.575,,20.95,25.475,18.225,,207.3333,,7.2
2017-07-25,0.95,1005.35,,19.45,26.175,15.5,,300.0,,8.1667
2017-07-26,0.05,1005.75,,17.975,23.825,12.825,,230.0,,5.325
2017-07-27,0.0,1009.65,,20.4,26.55,15.15,,234.6667,,4.1333
2017-07-28,0.0,1011.875,,22.725,29.825,16.775,,242.5,,5.1
2017-07-29,0.0,1016.85,,23.9,29.775,18.15,,131.6667,,7.1
2017-07-30,0.05,1014.9,,24.025,30.4,18.65,,206.0,,5.2667
2017-07-31,0.0,1016.425,,25.55,32.7,18.4,,190.0,,3.7667
2017-08-01,0.0,1017.6,,27.025,34.125,19.575,,144.0,,4.8
2017-08-02,0.0,1016.85,,27.625,34.875,20.825,,29.5,,6.3333
2017-08-03,0.0,1015.775,,27.275,34.825,20.775,,196.5,,7.1
2017-08-04,0.0,1011.425,,28.5,36.375,21.35,,235.0,,4.9333
2017-08-05,0.0,1012.7,,28.6,34.55,22.325,,59.5,,6.7
2017-08-06,16.45,1014.175,,24.85,30.35,18.325,,57.3333,,12.5667
2017-08-07,3.95,1018.575,,21.85,26.825,16.95,,70.25,,11.575
2017-08-08,0.0,1015.375,,23.0,28.625,17.2,,159.0,,6.8
2017-08-09,0.05,1014.275,,25.25,30.575,19.3,,7.0,,4.55
2017-08-10,6.7,1013.375,,24.175,30.4,19.475,,202.0,,8.5
2017-08-11,0.05,1011.05,,22.3,27.675,18.075,,236.6667,,7.075
2017-08-12,0.05,1014.425,,18.65,22.325,15.5,,103.6667,,5.1333
2017-08-13,0.0,1018.05,,20.725,27.25,13.975,,201.3333,,6.8
2017-08-14,0.0,1020.725,,21.825,28.25,15.725,,69.0,,5.4
2017-08-15,0.0,1019.5,,24.05,30.8,18.15,,,,1.7
2017-08-16,0.3,1018.775,,23.075,30.65,16.275,,157.0,,5.4667
2017-08-17,0.0,1018.525,,24.375,31.6,18.25,,157.3333,,6.5667
2017-08-18,0.0,1016.55,,25.075,32.175,18.125,,156.0,,5.2
2017-08-19,13.0,1014.9,,21.675,27.325,17.975,,44.5,,7.7
2017-08-20,0.0,1019.025,,18.925,24.225,14.5,,98.6667,,12.1333
2017-08-21,0.0,1020.95,,18.2,24.3,12.2,,81.3333,,7.6667
2017-08-22,0.0,1020.35,,17.475,24.4,11.0,,2.0,,6.4
2017-08-23,0.0,1018.125,,19.0,26.35,11.5,,192.0,,5.1
2017-08-24,0.0,1018.125,,21.25,29.5,13.575,,266.0,,4.2333
2017-08-25,0.0,1018.725,,22.85,30.5,15.975,,343.0,,2.45
2017-08-26,0.0,1016.925,,23.8,32.075,16.575,,230.0,,2.65
2017-08-27,0.0,1014.8333,,25.075,32.575,18.65,,240.0,,5.2667
2017-08-28,7.1,1016.8,,21.5,28.55,16.575,,163.25,,7.2
2017-08-29,0.0,1018.125,,20.25,26.9,15.3,,74.0,,7.5667
2017-08-30,0.0,1016.475,,20.75,28.5,13.7,,184.0,,6.0
2017-08-31,0.0,1013.65,,22.975,30.475,15.3,,235.0,,6.0
2017-09-01,22.9,1013.2,,19.85,23.625,17.225,,200.0,,6.3
2017-09-02,17.4,1012.1,,16.25,19.85,13.3,,67.25,,10.075
2017-09-03,0.0,1011.4,,15.45,20.0,11.775,,212.6667,,11.7333
2017-09-04,0.0,1016.95,,15.35,22.875,8.6,,191.0,,4.0667
2017-09-05,0.0,1019.8,,17.825,24.625,11.725,,157.3333,,5.4667
2017-09-06,0.3,1016.65,,18.4,26.25,12.375,,215.5,,3.8667
2017-09-07,18.2,1015.675,,16.25,19.425,14.0,,111.0,,8.8333
2017-09-08,0.0,1014.85,,15.7,18.625,13.325,,110.3333,,9.0
2017-09-09,10.7,1006.7667,,16.75,22.175,11.275,,241.0,,7.2
2017-09-10,21.9,1005.8667,,17.5,20.4333,13.9667,,204.0,,6.2
2017-09-11,25.2,1003.475,,17.275,19.325,15.45,,142.0,,5.3
2017-09-12,26.2,1008.25,,14.1,17.45,11.75,,176.0,,10.9
2017-09-13,0.0,1017.45,,15.2,21.2,9.25,,291.5,,9.2
2017-09-14,55.5,1011.975,,17.75,21.55,13.25,,188.3333,,13.9
2017-09-15,44.5,1016.075,,12.275,16.575,10.6,,121.0,,9.1
2017-09-16,29.9,1012.3,,13.75,16.1,11.15,,206.5,,5.25
2017-09-17,10.6,1011.45,,14.95,19.45,12.375,,121.0,,6.6
2017-09-18,26.9,1015.8,,13.8,18.2667,11.2,,,,4.75
2017-09-19,23.5,1012.325,,10.475,12.575,9.4,,214.3333,,18.4667
2017-09-20,0.0,1015.05,,11.825,15.525,9.275,,133.5,,6.8667
2017-09-21,0.0,1018.65,,12.85,19.825,6.05,,132.5,,6.9333
2017-09-22,0.0,1020.675,,13.6,21.25,7.125,,181.0,,4.1333
2017-09-23,0.0,1020.975,,14.475,21.35,8.425,,176.5,,3.6667
2017-09-24,6.5,1020.175,,14.325,16.95,12.825,,73.0,,4.4
2017-09-25,3.3,1021.025,,14.175,16.8,12.6,,54.0,,8.6
2017-09-26,0.1,1022.85,,14.3,16.525,12.875,,93.6667,,12.5667
2017-09-27,0.0,1024.725,,15.55,18.75,12.875,,89.3333,,9.5333
2017-09-28,0.0,1027.35,,15.0,20.225,10.75,,94.6667,,9.7
2017-09-29,0.0,1026.575,,13.05,19.475,8.475,,91.5,,5.4
2017-09-30,0.0,1023.375,,12.025,18.225,6.95,,98.0,,7.3
2017-10-01,0.0,1023.05,,11.675,18.15,6.675,,66.6667,,8.5
2017-10-02,0.0,1024.2,,11.5,19.375,5.325,,149.0,,7.0667
2017-10-03,1.7,1019.625,,12.825,16.7,8.125,,239.0,,5.8333
2017-10-04,0.0,1024.475,,14.225,19.7,10.225,,190.5,,6.0667
2017-10-05,4.7,1015.4,,16.5,20.725,12.225,,219.0,,9.5667
2017-10-06,4.1,1012.45,,12.775,16.45,7.95,,105.25,,9.225
2017-10-07,0.0,1019.25,,10.475,18.025,5.275,,91.0,,5.2333
2017-10-08,0.0,1015.775,,11.575,19.275,5.8,,169.0,,3.9
2017-10-09,3.5,1018.275,,12.025,17.725,6.825,,117.0,,4.5
2017-10-10,0.2,1019.775,,13.675,19.3,10.675,,132.6667,,4.6
2017-10-11,0.0,1022.575,,13.1,19.825,8.3,,205.0,,4.3
2017-10-12,0.0,1023.425,,14.125,22.425,8.225,,254.0,,5.0333
2017-10-13,0.0,1026.3,,13.7,21.575,8.725,,108.0,,2.9333
2017-10-14,0.1,1028.55,,13.175,20.675,8.7,,245.0,,3.6
2017-10-15,0.0,1028.975,,13.475,21.3,9.35,,49.5,,2.9
2017-10-16,0.0,1027.775,,13.95,22.95,8.5,,201.0,,3.1667
2017-10-17,0.0,1025.4,,13.75,21.925,8.1,,115.0,,2.8667
2017-10-18,0.0,1018.925,,14.125,21.825,9.25,,253.0,,5.7333
2017-10-19,0.0,1017.55,,13.1,21.425,7.1,,290.5,,4.1667
2017-10-20,0.0,1018.625,,12.25,19.6,7.075,,288.0,,4.0
2017-10-21,0.0,1019.25,,13.1,19.725,7.825,,234.5,,4.0
2017-10-22,39.4,1014.975,,10.425,13.875,7.65,,307.0,,8.9333
2017-10-23,0.0,1012.2,,10.65,14.525,7.6,,147.5,,8.9
2017-10-24,0.0,1019.6,,12.35,18.775,6.85,,32.0,,9.8333
2017-10-25,0.0,1026.425,,9.9,16.4,4.775,,143.0,,6.2333
2017-10-26,0.0,1025.7,,10.725,18.925,5.4,,255.0,,2.9333
2017-10-27,0.1,1018.0,,11.65,18.05,7.625,,175.0,,6.1667
2017-10-28,0.0,1018.625,,9.25,15.0,4.2,,216.5,,4.5667
2017-10-29,0.0,1005.6,,11.475,16.325,6.5,,203.3333,,14.4
2017-10-30,0.0,1017.5,,8.725,15.65,3.975,,143.5,,8.3667
2017-10-31,0.0,1025.9,,6.55,14.25,0.95,,271.0,,5.6
2017-11-01,0.0,1024.875,,7.85,14.05,1.775,,274.0,,2.8333
2017-11-02,0.0,1018.975,,9.5,14.775,3.725,,257.0,,6.0333
2017-11-03,0.0,1017.875,,10.975,16.125,7.1,,103.5,,4.1333
2017-11-04,0.0,1018.9,,10.325,15.2,6.025,,175.0,,5.7667
2017-11-05,9.5,1012.625,,14.05,18.125,11.075,,170.0,,10.2333
2017-11-06,27.8,1013.3,,8.6,11.35,7.225,,67.3333,,13.6
2017-11-07,16.7,1016.7,,8.25,9.275,7.375,,207.6667,,17.7333
2017-11-08,0.8,1016.9,,8.725,11.525,6.65,,118.5,,7.9
2017-11-09,0.0,1022.15,,8.375,10.25,6.225,,191.3333,,6.3
2017-11-10,0.0,1020.75,,8.8,12.825,5.825,,137.3333,,5.2
2017-11-11,0.0,1014.475,,7.65,11.25,3.8,,296.5,,3.9667
2017-11-12,46.8,1005.925,,9.3,12.625,6.45,,274.5,,6.3333
2017-11-13,12.8,1004.625,51.0,4.45,9.575,2.225,,85.0,,17.7333
2017-11-14,0.0,1020.45,41.0,4.925,8.3,1.75,,163.0,,14.175
2017-11-15,0.0,1026.0,,3.675,6.35,0.75,,87.75,,13.925
2017-11-16,0.0,1024.175,,5.875,7.65,4.575,,85.3333,,15.0
2017-11-17,0.0,1022.225,,6.3,8.1,5.3,,62.0,,12.8
2017-11-18,0.0,1020.025,,5.725,9.225,2.45,,137.0,,10.7
2017-11-19,0.0,1015.55,,2.975,8.175,0.625,,121.0,,4.3
2017-11-20,0.0,1020.0,,3.15,10.625,-0.95,,259.5,,3.4333
2017-11-21,0.0,1017.975,,6.275,11.875,0.6,,285.5,,4.9333
2017-11-22,0.0,1018.2,,9.0,13.475,6.075,,259.5,,7.3
2017-11-23,0.0,1018.3,,8.725,14.2,4.725,,254.5,,8.7
2017-11-24,0.0,1020.5,,7.825,14.675,3.675,,218.0,,4.4667
2017-11-25,26.45,1013.55,,10.2,13.375,5.7,,231.0,,9.8667
2017-11-26,7.45,1018.3,10.0,4.525,8.925,1.95,,113.6667,,12.9667
2017-11-27,0.0,1025.025,,1.675,7.925,-1.95,,123.3333,,5.7333
2017-11-28,2.2,1016.975,,1.925,6.225,-2.675,,226.0,,5.5
2017-11-29,27.3,1007.8,10.0,4.15,5.7,2.025,,153.6667,,6.5667
2017-11-30,12.65,1003.4,41.0,2.175,3.525,1.175,,142.3333,,8.1667
2017-12-01,0.4,1014.5,20.0,2.2,3.45,0.4333,,117.5,,4.8
2017-12-02,0.0,1021.6333,20.0,2.15,4.15,0.6,,43.5,,9.1
2017-12-03,0.0,1023.7667,,0.025,3.3,-2.575,,143.5,,4.95
2017-12-04,0.0,1027.6,,-1.15,2.275,-4.95,,254.0,,6.25
2017-12-05,0.0,1032.9333,,1.125,7.325,-3.325,,219.5,,4.8
2017-12-06,0.0,1031.6,,2.425,8.85,-1.925,,200.0,,3.55
2017-12-07,0.0,1027.3,,3.5,9.025,-1.95,,179.6667,,6.8
2017-12-08,67.0,1014.35,,7.675,10.075,3.2,,258.6667,,11.4
2017-12-09,0.1,,130.0,1.7667,6.8667,-5.75,,146.0,,6.6
2017-12-10,10.25,1010.95,150.0,-0.4,3.9333,-5.9667,,182.0,,17.9
2017-12-11,25.5,999.15,109.0,9.7333,14.6667,2.2333,,165.0,,15.2
2017-12-12,25.2,1006.1333,,12.125,15.175,7.1333,,226.5,,21.35
2017-12-13,5.65,1018.8333,10.0,3.1,7.65,0.4333,,256.0,,7.9
2017-12-14,5.8,1006.2333,,6.4,8.8,2.625,,241.0,,13.5
2017-12-15,14.15,1000.0,,8.0,11.85,3.45,,75.5,,12.25
2017-12-16,10.75,1008.2,10.0,3.125,5.8,0.5,,220.5,,5.5
2017-12-17,0.0,1020.3667,,1.825,4.4,-0.675,,236.0,,4.9
2017-12-18,0.0,1026.2333,,0.475,4.45,-2.475,,264.0,,5.1
2017-12-19,0.0,1033.3,,-1.125,3.025,-4.425,,189.0,,4.15
2017-12-20,0.0,1034.6667,10.0,0.65,3.95,-1.75,,280.0,,3.6
2017-12-21,0.0,1034.7,,0.4,5.1,-3.825,,252.0,,5.35
2017-12-22,0.0,1032.3667,,1.875,6.35,-1.15,,225.0,,3.7
2017-12-23,0.0,1031.1,,1.55,6.625,-1.85,,252.5,,4.3
2017-12-24,0.0,1026.9,,3.15,10.7,-2.7,,256.5,,4.75
2017-12-25,0.0,1024.6,,3.15,9.725,-2.05,,232.5,,4.55
2017-12-26,1.25,1013.9667,,8.175,10.275,4.075,,234.5,,23.75
2017-12-27,24.9,999.0,,8.75,10.375,7.1,,172.0,,11.35
2017-12-28,22.0,992.9333,,5.0,9.325,0.5,,118.5,,10.9
2017-12-29,0.0,1010.6,,2.55,5.925,-1.6,,156.0,,4.85
2017-12-30,0.0,1015.2333,,1.8,4.7,-1.225,,216.5,,8.65
2017-12-31,0.05,1016.9333,,5.2,9.6,-0.125,,269.3333,,11.0333
2018-01-01,25.4,1011.7333,20.0,7.075,10.075,3.3667,,261.6667,,12.5667
2018-01-02,1.0,1012.7667,,3.775,6.85,0.1,,187.6667,,5.9667
2018-01-03,1.15,1009.7333,,3.7,9.6,-0.35,,270.6667,,9.0333
2018-01-04,0.0,1007.8,,3.3,7.65,-0.75,,181.0,,7.25
2018-01-05,4.0,,,7.8667,9.9,3.5667,,240.0,,12.0
2018-01-06,1.45,,,11.5,13.7,8.2,,181.0,,16.1
2018-01-07,0.3,,,10.6333,13.2333,7.7667,,219.0,,14.4
2018-01-08,0.1,1026.75,,7.875,9.85,5.975,,127.3333,,3.1333
2018-01-09,24.0,1024.6333,20.0,8.2,9.3,5.2333,,51.0,,4.2333
2018-01-10,2.25,1015.8667,,6.875,9.475,3.8,,124.0,,3.95
2018-01-11,0.0,1016.0667,,5.575,7.05,3.575,,144.0,,4.8
2018-01-12,0.0,1022.8,,5.6,8.05,1.2,,46.0,,5.2667
2018-01-13,0.0,1025.6667,,4.85,6.275,2.3333,,60.3333,,9.6
2018-01-14,0.05,1026.2,,2.125,2.2667,-0.7,,72.3333,,8.1
2018-01-15,0.5,1025.4667,,1.05,2.925,-1.7667,,107.6667,,4.8333
2018-01-16,1.7,1007.9667,10.0,3.8,7.8,0.475,,280.3333,,9.9333
2018-01-17,0.25,1001.6667,,4.55,7.075,0.3333,,288.6667,,7.4333
2018-01-18,0.0,1011.6,,4.95,10.175,-1.35,,264.6667,,13.5667
2018-01-19,7.2,1009.8667,10.0,5.775,8.625,2.975,,189.0,,8.4
2018-01-20,0.0,1012.9,,3.3,7.275,0.175,,212.0,,9.0
2018-01-21,0.0,1007.2667,,4.75,9.725,-0.3,,107.0,,8.1667
2018-01-22,0.0,1016.5333,,2.675,7.525,-1.125,,126.3333,,5.5667
2018-01-23,0.0,1024.5,,3.7,8.2,-0.075,,161.3333,,3.7
2018-01-24,0.0,1030.7667,,3.65,10.625,-1.55,,189.0,,4.75
2018-01-25,0.0,1024.4667,,4.825,9.475,-0.575,,292.6667,,8.7667
2018-01-26,0.0,1021.0333,,8.625,11.85,3.0,,242.3333,,14.4667
2018-01-27,0.0,1030.7,,4.5,7.225,1.325,,144.3333,,6.7333
2018-01-28,0.0,1035.2667,,4.475,8.725,-0.5,,165.6667,,4.6
2018-01-29,0.0,1030.3333,,4.275,11.875,0.0,,146.6667,,4.2333
2018-01-30,0.25,1026.8667,,6.175,12.2,1.925,,187.5,,6.25
2018-01-31,2.95,1021.1,,4.825,8.4,1.075,,234.0,,10.3
2018-02-01,13.45,1006.3667,,9.075,11.425,6.625,,223.3333,,13.9333
2018-02-02,56.0,1008.85,160.0,2.45,7.5,0.1333,,222.0,,7.85
2018-02-03,13.95,1006.5333,211.0,1.45,2.8,-0.3333,,88.0,,4.95
2018-02-04,0.0,1016.0,180.0,1.8,5.35,-1.375,,248.3333,,4.2667
2018-02-05,0.0,1024.8,150.0,1.5,4.45,-2.9667,,56.3333,,4.0333
2018-02-06,7.45,1019.9,130.0,1.95,4.1,0.25,,73.3333,,4.5333
2018-02-07,11.35,1011.9667,249.0,0.95,2.5,-0.625,,31.5,,9.75
2018-02-08,0.0,1015.3333,211.0,3.175,5.325,1.425,,220.5,,3.65
2018-02-09,0.0,1018.0,170.0,3.125,4.725,0.3333,,71.5,,4.15
2018-02-10,0.0,1016.4333,150.0,2.55,4.175,1.4,,58.0,,5.4333
2018-02-11,0.0,1013.5333,130.0,1.95,6.2,-1.325,,173.3333,,5.2
2018-02-12,4.4,1013.3333,259.0,0.9,2.3,-1.65,,346.0,,5.7
2018-02-13,0.05,1015.3667,201.0,1.425,3.325,-1.4333,,122.0,,8.6
2018-02-14,0.0,1016.8,180.0,0.8,5.2,-3.225,,298.5,,8.0
2018-02-15,0.0,1024.9,180.0,-0.85,5.25,-6.125,,171.3333,,4.5
2018-02-16,0.0,1026.7333,170.0,1.725,5.6,-3.275,,215.0,,6.35
2018-02-17,4.45,,140.0,4.3333,8.5667,0.3667,,174.0,,8.8
2018-02-18,6.8,1024.2,130.0,2.725,4.45,0.3,,43.5,,9.85
2018-02-19,0.3,,130.0,1.6,2.7667,-1.15,,0.0,,10.2
2018-02-20,0.0,1014.0667,130.0,1.1,2.625,-0.25,,207.0,,11.45
2018-02-21,0.05,1015.0333,109.0,1.875,3.325,0.8,,71.0,,10.8333
2018-02-22,2.9,1015.5333,160.0,0.7,1.725,-1.2333,,186.3333,,13.4667
2018-02-23,0.75,1017.2667,140.0,0.875,2.425,-0.9,,65.3333,,8.9
2018-02-24,0.0,1020.1333,140.0,0.025,1.875,-3.7333,,83.6667,,8.5667
2018-02-25,0.0,1023.6333,140.0,-5.45,-2.975,-7.5,,63.0,,14.4333
2018-02-26,0.0,1018.0667,140.0,-7.85,-4.85,-12.0667,,168.0,,14.4333
2018-02-27,0.0,,130.0,-6.0,-4.0,-8.1,,22.0,,13.3
2018-02-28,0.0,1021.9,130.0,-8.675,-2.825,-14.575,,193.0,,4.7667
2018-03-01,1.05,1017.5333,70.0,-7.375,-2.875,-12.95,,77.0,,5.9
2018-03-02,4.35,1003.0,130.0,-3.075,-3.8333,-5.275,,42.0,,5.3
2018-03-03,1.55,1002.8,150.0,-0.6,1.675,-3.0,,92.5,,7.9
2018-03-04,0.25,1008.1667,140.0,2.3,5.325,-0.475,,96.0,,7.5
2018-03-05,10.4,1004.8333,150.0,1.7,3.2,-0.05,,92.0,,8.1
2018-03-06,5.35,996.2667,249.0,1.95,4.75,-0.5,,197.5,,6.1
2018-03-07,1.25,999.9333,170.0,4.775,9.5,0.925,,218.5,,7.0
2018-03-08,0.5,1009.0333,119.0,6.4,11.85,2.475,,189.5,,9.3
2018-03-09,0.0,1013.9667,79.0,7.025,12.15,-0.8,,257.6667,,11.3333
2018-03-10,0.0,1012.2333,71.0,9.2,12.275,5.15,,245.0,,15.6667
2018-03-11,7.6,1008.0333,,8.85,11.3333,5.15,,264.6667,,8.6667
2018-03-12,2.95,1001.2667,,10.65,14.1,7.325,,229.3333,,13.1
2018-03-13,2.0,1006.3333,,9.475,16.0,4.575,,299.3333,,7.1667
2018-03-14,6.0,1011.2333,,8.575,14.025,3.3667,,206.5,,6.25
2018-03-15,5.4,1007.6,,9.325,14.025,5.2,,231.3333,,9.6667
2018-03-16,13.1,1003.2,,8.2,11.2,5.375,,196.5,,6.6
2018-03-17,12.7,1000.5333,,5.65,6.0,3.95,,165.6667,,7.3667
2018-03-18,0.95,1004.4667,,2.35,4.925,-1.4667,,72.0,,12.0
2018-03-19,2.85,1008.4,10.0,-0.225,1.375,-1.775,,76.3333,,10.6
2018-03-20,0.0,1012.6333,,0.45,2.825,-2.8333,,113.6667,,6.1333
2018-03-21,0.0,1022.1,,3.025,6.35,0.25,,51.6667,,14.0333
2018-03-22,0.0,1019.3,,2.225,6.85,-2.675,,66.6667,,10.8
2018-03-23,0.0,1007.1667,,3.125,8.25,-2.025,,94.5,,5.8
2018-03-24,0.0,1006.1333,,5.625,9.85,1.8,,67.0,,5.4
2018-03-25,0.0,1011.3,,4.925,8.3,1.375,,48.5,,4.15
2018-03-26,0.05,1012.1,,6.55,12.5,-0.55,,47.0,,4.3
2018-03-27,0.05,1014.7,,7.5,11.3,4.7,,203.5,,5.65
2018-03-28,0.0,1010.7333,,9.15,15.675,2.2,,245.3333,,8.1
2018-03-29,23.6,1007.5667,,10.675,11.925,9.175,,132.3333,,10.0333
2018-03-30,0.85,1009.6667,,10.875,15.45,7.525,,33.0,,7.2667
2018-03-31,5.3,999.1667,,10.8,13.425,7.5333,,106.3333,,8.2667
2018-04-01,0.25,1002.8333,,10.55,15.65,6.25,,275.0,,8.6
2018-04-02,0.0,,,10.4667,17.0,3.5333,,221.0,,13.2
2018-04-03,0.0,1013.8,,13.3,17.025,9.825,,228.0,,25.85
2018-04-04,5.1,1015.075,,12.375,14.8,10.8,,190.5,,14.8
2018-04-05,15.45,1013.15,,12.4,17.025,8.9,,272.25,,7.35
2018-04-06,0.0,1020.6,,10.95,17.575,4.975,,29.75,,5.35
2018-04-07,0.0,1021.325,,10.15,17.4,4.25,,66.0,,7.95
2018-04-08,0.0,1016.775,,12.7,21.15,5.3,,138.3333,,6.5
2018-04-09,2.55,1011.0,,13.85,22.5,6.425,,198.0,,7.125
2018-04-10,5.15,1009.525,,13.15,16.875,10.15,,159.6667,,9.1
2018-04-11,0.95,1009.9,,13.9,18.4,11.7,,8.0,,2.0
2018-04-12,25.15,1008.725,,12.425,16.25,9.725,,144.6667,,4.7667
2018-04-13,1.0,1012.8,,13.375,17.9,9.825,,147.3333,,9.9333
2018-04-14,0.0,1020.525,,13.725,21.075,5.15,,100.6667,,5.4
2018-04-15,5.0,1014.3,,16.2,21.35,11.75,,93.3333,,10.7667
2018-04-16,9.35,1010.975,,16.675,21.8,13.55,,162.25,,6.525
2018-04-17,0.05,1021.25,,16.325,21.225,12.825,,60.0,,7.5333
2018-04-18,0.0,1028.625,,16.65,22.975,10.3,,64.5,,9.0
2018-04-19,0.0,1028.4,,17.2,25.5,8.75,,188.3333,,6.1
2018-04-20,0.0,1024.375,,18.625,26.4,10.1,,39.6667,,5.8667
2018-04-21,0.0,1020.05,,18.575,26.5,10.2,,123.6667,,6.1667
2018-04-22,0.0,1016.45,,18.175,26.1,10.15,,171.75,,6.175
2018-04-23,0.0,1015.475,,18.0,25.75,11.075,,261.5,,6.175
2018-04-24,0.0,1016.725,,17.825,23.925,11.875,,177.3333,,4.2667
2018-04-25,0.0,1014.1,,18.375,25.25,10.55,,267.5,,8.575
2018-04-26,0.25,1013.675,,16.875,22.925,11.725,,55.75,,7.775
2018-04-27,0.0,1017.05,,15.425,21.575,11.35,,94.5,,8.075
2018-04-28,0.0,1013.9,,17.45,26.35,9.2,,126.3333,,4.5333
2018-04-29,0.1,1011.2,,18.475,26.225,10.9,,230.3333,,4.7667
2018-04-30,0.0,1009.075,,17.975,22.75,13.65,,194.5,,9.8
2018-05-01,0.0,1012.025,,16.275,20.375,10.875,,146.3333,,8.2333
2018-05-02,4.35,1009.475,,18.925,26.125,12.275,,67.6667,,5.9667
2018-05-03,0.0,1006.95,,19.525,25.85,13.325,,49.75,,10.35
2018-05-04,26.75,1011.575,,17.7,21.2,14.8,,218.25,,10.45
2018-05-05,0.0,1016.325,,18.65,22.825,15.025,,186.6667,,12.3333
2018-05-06,0.0,1017.225,,19.15,24.6,14.4,,56.6667,,10.4333
2018-05-07,0.0,1016.15,,18.975,25.05,12.775,,71.75,,7.85
2018-05-08,7.6,1010.25,,17.675,23.95,12.25,,51.3333,,7.7667
2018-05-09,3.05,1007.7,,17.15,23.25,10.975,,151.25,,5.425
2018-05-10,0.0,1009.0,,18.775,24.525,13.625,,284.0,,4.0
2018-05-11,10.3,1015.825,,18.75,23.2,14.55,,56.25,,7.925
2018-05-12,4.65,1014.925,,18.25,25.025,13.575,,140.6667,,5.6
2018-05-13,1.6,1010.75,,18.2,24.225,12.525,,135.3333,,4.9
2018-05-14,11.2,1009.45,,15.85,19.775,13.0,,68.3333,,5.7333
2018-05-15,4.35,1009.9,,13.15,17.3,10.15,,213.25,,8.425
2018-05-16,2.25,1012.45,,14.05,19.875,7.875,,270.25,,6.5
2018-05-17,4.5,1014.3,,15.575,21.05,11.925,,178.5,,6.4
2018-05-18,0.75,1016.375,,16.375,22.525,11.725,,246.0,,4.9
2018-05-19,0.5,1017.2,,16.675,23.075,11.35,,153.75,,6.375
2018-05-20,0.0,1018.3667,,17.85,23.025,13.125,,172.6667,,11.1333
2018-05-21,0.5,1016.1,,18.975,24.05,13.65,,71.3333,,9.8
2018-05-22,10.7,1014.4333,,17.175,22.0,12.475,,167.3333,,4.4667
2018-05-23,0.15,1016.225,,18.75,23.6,13.625,,146.6667,,3.5
2018-05-24,0.0,1016.5333,,20.225,25.325,15.925,,95.0,,5.8
2018-05-25,0.0,1016.575,,20.05,25.35,15.85,,64.3333,,7.7333
2018-05-26,0.0,1019.925,,20.95,26.85,15.6,,55.25,,5.35
2018-05-27,0.15,1019.375,,21.375,27.65,16.0,,94.3333,,4.6333
2018-05-28,0.0,1018.6,,21.925,28.35,15.8,,101.5,,5.075
2018-05-29,4.25,1016.7,,21.55,27.325,17.6,,196.0,,5.3
2018-05-30,0.0,1015.65,,21.35,27.4,16.125,,168.25,,4.65
2018-05-31,0.0,1014.8,,22.525,28.6,16.5,,236.5,,3.95
2018-06-01,0.0,1015.625,,22.1,28.2,17.475,,255.3333,,5.5667
2018-06-02,2.0,1016.625,,21.35,28.35,15.725,,213.3333,,4.8333
2018-06-03,0.0,1015.95,,22.325,28.325,16.0,,121.6667,,4.7
2018-06-04,0.0,1010.65,,22.825,29.225,16.525,,218.3333,,5.1
2018-06-05,14.9,1008.8,,20.375,27.925,16.525,,116.6667,,4.6667
2018-06-06,0.0,1012.375,,21.475,27.425,15.175,,188.6667,,4.5
2018-06-07,0.5,1015.325,,21.3,27.175,17.025,,105.0,,4.2
2018-06-08,5.95,1013.0,,20.625,27.275,16.0,,90.5,,5.35
2018-06-09,3.55,1010.575,,21.425,26.55,16.625,,51.5,,6.3
2018-06-10,0.5,1010.675,,22.9,28.7,17.125,,229.0,,3.4667
2018-06-11,0.0,1009.925,,24.375,30.275,18.175,,205.5,,5.4
2018-06-12,0.85,1006.4,,23.175,29.9,17.825,,242.0,,6.2667
2018-06-13,0.3,1004.875,,19.725,23.6,16.5,,75.3333,,5.9667
2018-06-14,0.0,1010.05,,18.875,22.725,16.6,,82.0,,9.9
2018-06-15,0.0,1012.65,,19.775,24.3,15.775,,78.6667,,9.1
2018-06-16,0.0,1012.875,,21.625,26.8,15.85,,215.3333,,8.7
2018-06-17,0.0,1013.8,,21.425,26.9,16.45,,191.3333,,5.3667
2018-06-18,0.0,1015.825,,23.05,28.175,16.925,,72.25,,7.825
2018-06-19,0.0,1019.725,,23.25,28.7,16.775,,74.3333,,7.4333
2018-06-20,0.0,1020.575,,23.275,29.9,16.625,,86.6667,,5.7
2018-06-21,11.35,1014.4,,24.225,30.7,17.175,,259.3333,,6.3
2018-06-22,19.0,1016.75,,16.3,22.675,12.85,,113.5,,10.05
2018-06-23,0.05,1020.775,,16.675,22.5,10.625,,145.5,,5.8
2018-06-24,3.5,1018.8,,18.0,23.325,13.675,,112.3333,,5.1667
2018-06-25,5.25,1018.8,,16.4,20.65,13.725,,61.5,,6.6
2018-06-26,0.2,1018.65,,18.8,24.5,12.6333,,22.0,,8.65
2018-06-27,1.0,1015.2,,19.3333,23.4667,15.3,,22.5,,11.15
2018-06-28,0.35,1011.2333,,18.45,21.95,15.15,,207.0,,8.4
2018-06-29,0.3,1009.05,,21.125,26.625,16.375,,319.3333,,8.4
2018-06-30,0.05,1010.325,,23.1,29.525,18.375,,203.6667,,7.0667
2018-07-01,5.95,1015.525,,19.15,23.2,15.625,,79.25,,9.225
2018-07-02,0.0,1013.5,,20.5333,25.0,16.7,,95.0,,9.05
2018-07-03,30.8,1013.9,,23.3333,27.0667,19.4,,345.0,,3.35
2018-07-04,0.0,1014.5,,22.9,27.9333,19.3667,,71.0,,4.65
2018-07-05,0.7,1013.1,,23.3333,29.5,17.9667,,337.0,,5.6
2018-07-06,6.6,1011.8,,20.6667,24.6667,17.0333,,33.0,,5.3
2018-07-07,0.5,1016.125,,22.4,27.95,17.225,,99.0,,7.0667
2018-07-08,2.0,1017.325,,20.4,26.825,14.125,,99.3333,,5.5667
2018-07-09,0.0,1016.4,,21.375,26.7,15.375,,303.3333,,5.6
2018-07-10,11.65,1013.4333,,22.0,28.275,14.45,,232.6667,,4.2333
2018-07-11,21.65,1014.05,,17.675,21.275,15.825,,88.3333,,7.8667
2018-07-12,5.55,1016.05,20.0,19.675,24.9,15.65,,127.0,,6.9333
2018-07-13,0.0,1016.0,,22.8,27.2333,18.4333,,22.0,,5.4
2018-07-14,0.75,1016.9667,,22.475,29.375,16.625,,220.3333,,4.1667
2018-07-15,1.95,1015.175,,21.35,25.225,18.05,,161.3333,,6.2667
2018-07-16,0.0,1012.525,,21.025,27.35,16.175,,244.6667,,5.2667
2018-07-17,1.0,1010.675,,22.125,28.175,16.975,,205.0,,7.6667
2018-07-18,0.0,1012.525,,23.075,30.1,15.5,,320.3333,,7.3
2018-07-19,0.0,1013.1667,,23.65,30.7,15.65,,272.3333,,4.7
2018-07-20,0.0,1013.1333,,23.25,29.875,17.125,,237.3333,,4.7
2018-07-21,10.3,1011.2,,22.025,28.45,16.7,,125.0,21.3,5.2
2018-07-22,4.6,1010.075,,21.45,26.475,17.95,,187.6667,17.6,6.4333
2018-07-23,0.0,1011.6333,,20.975,25.475,18.05,,202.0,25.0,9.7667
2018-07-24,0.0,1012.7333,,23.2,29.15,16.975,,198.6667,23.15,7.7333
2018-07-25,4.55,1011.9667,,23.675,30.475,17.1,,27.0,18.5,4.5
2018-07-26,0.7,1012.95,,22.525,29.35,18.1,,97.6667,24.1,8.6667
2018-07-27,0.25,1012.325,,23.45,30.05,17.2,,85.0,18.5,5.1333
2018-07-28,0.0,1010.2667,,24.725,30.95,18.325,,206.3333,17.6,3.7667
2018-07-29,0.0,1012.7,,25.95,32.075,20.025,,184.6667,17.6,4.2
2018-07-30,0.0,1013.925,,26.25,32.7,20.325,,308.3333,18.5,4.1667
2018-07-31,0.0,1014.3333,,27.025,32.85,20.575,,182.3333,19.45,4.4
2018-08-01,3.4,1015.1,,26.225,33.0,20.075,,56.3333,23.15,6.2667
2018-08-02,29.5,1017.1667,,24.35,29.85,20.875,,213.6667,24.1,8.3
2018-08-03,0.0,1017.4333,,25.375,31.85,20.725,,101.3333,23.15,7.1
2018-08-04,0.0,1016.25,,25.775,32.175,19.525,,97.0,21.3,6.0667
2018-08-05,1.0,1015.5333,,25.425,32.25,19.425,,139.0,19.45,7.0333
2018-08-06,0.0,1016.1,,26.175,31.75,20.075,,93.6667,17.6,4.9333
2018-08-07,0.0,1014.5,,26.6667,32.6333,21.0333,,259.0,19.45,6.7
2018-08-08,0.0,1014.125,,26.075,33.025,19.725,,103.0,20.35,6.45
2018-08-09,0.0,1015.2,,26.425,33.05,19.925,,227.0,19.45,5.1
2018-08-10,0.0,1017.775,,25.125,31.3,20.125,,165.3333,20.4,6.0333
2018-08-11,0.0,1019.5,,23.75,28.825,20.9,,60.75,25.95,7.125
2018-08-12,0.0,1018.2,,23.85,29.25,19.05,,121.75,28.7,6.25
2018-08-13,27.75,1011.8,,24.425,31.025,17.375,,265.0,23.15,6.5333
2018-08-14,12.2,1011.95,,20.65,24.45,18.025,,79.0,20.35,6.1667
2018-08-15,1.5,1016.1333,,22.425,27.7,17.225,,113.3333,22.25,6.1
2018-08-16,0.0,1016.9,,22.425,28.25,16.15,,65.0,22.25,6.6
2018-08-17,0.0,1015.125,,22.6,29.3,15.975,,123.0,21.3,5.3667
2018-08-18,0.0,1016.975,,24.125,31.225,17.175,,62.6667,19.45,5.1
2018-08-19,0.0,1018.05,,24.725,31.7,18.275,,82.3333,22.25,6.8333
2018-08-20,0.0,1016.075,,25.0,32.375,18.15,,146.0,22.2,5.5667
2018-08-21,0.0,1016.0667,,25.7,32.5667,19.5,,35.0,19.45,4.9
2018-08-22,1.0,1016.75,,24.875,32.25,18.925,,72.6667,23.15,6.0
2018-08-23,0.0,1013.7,,25.175,32.175,18.85,,116.3333,19.45,4.7667
2018-08-24,10.8,1010.375,,22.375,30.675,18.275,,200.3333,16.65,4.8333
2018-08-25,47.6,1010.175,,18.725,21.65,16.675,,46.25,26.85,7.8
2018-08-26,23.4,1012.725,51.0,13.825,16.85,12.125,,211.6667,36.1,15.3667
2018-08-27,0.0,1016.475,,17.325,23.85,11.075,,82.25,21.3,6.625
2018-08-28,0.0,1018.6,,19.75,27.075,13.0,,121.0,19.45,5.2667
2018-08-29,0.0,1016.7333,,20.375,27.65,13.875,,145.0,24.1,6.1333
2018-08-30,2.6,1015.875,,20.325,27.575,14.025,,196.0,17.6,4.6667
2018-08-31,5.5,1017.55,,19.675,23.225,17.325,,86.75,26.85,7.275
2018-09-01,12.55,1016.025,,18.4,20.075,17.25,,85.6667,27.75,10.5333
2018-09-02,3.0,1017.575,,18.7,22.925,15.45,,70.3333,24.05,7.3333
2018-09-03,0.55,1013.875,,18.725,22.0,16.6,,210.6667,21.3,5.8
2018-09-04,0.0,1012.85,,18.85,22.95,16.125,,238.3333,14.85,4.1667
2018-09-05,0.0,1014.9,,20.65,26.3,16.725,,240.6667,14.85,4.0
2018-09-06,0.05,1012.725,,20.625,26.225,16.45,,219.0,15.75,3.6667
2018-09-07,0.0,1012.15,,19.65,25.2,15.5,,96.0,13.9,5.0667
2018-09-08,0.0,1018.3,,20.825,26.25,16.65,,106.25,19.45,4.275
2018-09-09,0.0,1020.9,,20.4,27.375,14.65,,173.0,16.7,3.2
2018-09-10,0.0,1021.7,,21.025,27.725,15.375,,72.3333,14.85,3.2
2018-09-11,0.0,1023.85,,21.375,28.55,15.675,,143.3333,14.85,4.0
2018-09-12,0.0,1022.225,,21.45,29.3,14.85,,245.6667,16.7,4.1333
2018-09-13,0.0,1016.2,,21.375,28.15,16.0,,118.0,14.8,3.2667
2018-09-14,1.65,1015.8667,,20.875,26.8,15.75,,187.0,16.65,4.2667
2018-09-15,0.0,1019.85,,20.7,25.6333,17.8333,,109.0,21.3,6.5
2018-09-16,0.0,1022.65,,21.4667,26.8,16.6,,103.0,22.25,6.55
2018-09-17,0.0,1021.5,,21.05,27.0667,15.6,,265.0,15.75,3.0
2018-09-18,0.0,1019.7,,21.9333,27.1,16.4333,,79.0,17.6,4.7
2018-09-19,6.85,1019.8,,21.1,27.3333,15.6667,,354.0,19.45,3.6
2018-09-20,0.0,1019.15,,22.6333,28.6333,17.5333,,192.0,23.15,8.2
2018-09-21,0.0,1015.35,,22.0,27.6667,16.7667,,110.5,25.95,7.2
2018-09-22,4.45,1018.45,,16.2333,22.1667,13.0667,,147.0,29.65,10.85
2018-09-23,31.7,1017.55,,16.4,20.4667,12.8,,97.5,31.45,8.85
2018-09-24,0.15,1019.4,,15.7,20.5,10.4667,,28.0,37.05,15.5
2018-09-25,0.0,1033.3,,11.0,16.6667,7.4667,,37.5,31.5,10.9
2018-09-26,0.0,1037.55,,10.8667,17.3333,5.0333,,92.5,24.1,8.55
2018-09-27,0.0,1030.35,,13.0,20.9,5.7,,122.0,16.7,3.95
2018-09-28,0.0,1019.0,,15.7667,23.8333,9.7667,,105.5,29.65,10.45
2018-09-29,0.0,1020.95,,15.1667,19.5,10.7667,,25.5,37.95,19.8
2018-09-30,0.0,1020.75,,12.0333,18.4667,6.6333,,107.5,33.35,13.65
2018-10-01,6.5,1011.85,,11.4333,17.2333,6.0333,,58.0,29.65,6.55
2018-10-02,5.95,1017.9,,12.5333,15.9667,9.5667,,110.5,34.3,14.7
2018-10-03,0.0,1021.45,,12.6667,19.4667,6.1333,,105.5,25.95,6.55
2018-10-04,0.0,1026.15,,14.4333,20.2667,9.6333,,109.0,28.7,12.6
2018-10-05,0.0,1024.95,,13.8667,21.0,8.5,,122.0,28.7,11.35
2018-10-06,15.4,1018.6,,15.5667,20.8333,10.9,,112.0,24.1,6.25
2018-10-07,6.65,1014.05,,16.4333,20.6333,13.8,,83.5,14.85,3.25
2018-10-08,0.1,1019.45,,17.4,20.8667,14.3333,,17.5,18.5,6.6
2018-10-09,0.0,1022.1,,17.3,22.2333,13.5,,123.0,21.3,9.8
2018-10-10,0.0,1023.05,,16.9667,22.8,13.4667,,191.5,23.15,10.0
2018-10-11,0.0,1022.3,,15.8667,22.7,10.9333,,154.0,25.0,7.6
2018-10-12,0.0,1025.15,,15.5333,21.7,10.6333,,176.5,17.6,4.1
2018-10-13,0.0,1025.5,,15.4333,21.9333,11.2333,,17.5,25.95,12.9
2018-10-14,0.0,1022.0,,15.0,21.5667,10.1667,,192.0,25.0,9.45
2018-10-15,0.05,1020.6,,14.0333,16.9,11.4667,,129.0,22.25,7.95
2018-10-16,0.0,1020.95,,14.9333,17.9667,11.7,,7.0,15.75,2.2
2018-10-17,0.4,1019.6,,16.2333,20.5333,13.0667,,158.0,14.8,3.35
2018-10-18,0.0,1017.2,,17.0667,22.1667,14.5,,194.0,20.35,6.8
2018-10-19,0.0,1019.05,,16.2333,21.6333,12.2,,196.5,24.1,11.6
2018-10-20,0.0,1023.15,,15.0667,20.9,10.9333,,190.0,25.0,9.5
2018-10-21,1.55,1023.5,,11.3,14.5667,8.4333,,33.0,31.5,13.45
2018-10-22,0.0,1023.65,,11.2,15.6667,7.6333,,24.5,32.4,13.75
2018-10-23,0.0,1021.85,,12.0333,17.5333,6.6667,,262.0,25.9,7.1
2018-10-24,0.0,1011.825,,13.125,21.775,7.6,,54.5,21.3,6.275
2018-10-25,0.0,1016.825,,12.025,17.2,8.15,,122.5,23.15,7.325
2018-10-26,7.2,1013.15,,12.7,17.2,8.6333,,113.0,20.35,5.75
2018-10-27,5.7,1005.675,10.0,16.775,19.975,12.1,,151.0,31.5,10.5667
2018-10-28,25.05,1004.625,,13.55,15.95,12.175,,69.75,32.4,6.825
2018-10-29,18.8,1003.3,,16.475,19.575,13.65,,116.3333,37.05,10.7
2018-10-30,6.9,1008.025,,14.325,18.825,10.95,,190.0,41.7,12.825
2018-10-31,1.05,1021.7,,12.25,17.4,8.025,,150.3333,24.05,7.0667
2018-11-01,10.75,1021.075,,11.575,14.825,7.9,,140.6667,25.0,6.2333
2018-11-02,13.3,1020.5333,,13.275,14.95,11.3,,214.6667,21.3,4.8667
2018-11-03,0.1,1022.7,,15.175,17.825,12.725,,84.3333,24.1,6.3333
2018-11-04,0.0,1019.3667,,15.275,17.375,13.675,,95.3333,29.65,8.9
2018-11-05,3.3,1017.875,,14.325,16.875,11.8,,95.6667,26.85,6.9333
2018-11-06,4.4,1017.5,,13.9,16.6,11.9333,,92.5,18.5,3.85
2018-11-07,1.1,1017.4667,,12.85,16.375,10.9,,88.0,19.45,4.6667
2018-11-08,1.0,1020.5333,,12.65,17.125,10.525,,98.0,14.85,4.8
2018-11-09,0.0,1019.25,,12.3,15.5,10.6667,,248.5,16.65,5.2
2018-11-10,0.1,1016.2,,12.05,15.475,8.55,,173.5,21.3,7.25
2018-11-11,0.5,1018.525,,14.75,17.45,12.125,,184.0,25.0,11.675
2018-11-12,0.0,1023.375,,14.95,18.775,11.05,,174.0,24.05,11.325
2018-11-13,0.4,1025.95,,12.625,16.375,10.025,,292.0,13.9,6.625
2018-11-14,0.25,1029.75,,11.275,14.45,8.8,,171.6667,20.4,7.3667
2018-11-15,0.0,1028.225,,9.425,12.85,6.575,,48.0,28.75,11.9667
2018-11-16,0.0,1028.95,,8.4333,11.1333,6.4,,30.5,32.45,14.15
2018-11-17,0.0,1029.5,,5.45,8.45,1.9,,66.0,36.15,12.775
2018-11-18,0.3,1023.3,,3.75,5.5,1.675,,53.0,37.95,13.2667
2018-11-19,3.45,1014.9,,2.45,3.825,1.225,,55.75,36.1,12.25
2018-11-20,10.2,1011.8,10.0,2.3,3.4,0.8,,66.0,49.05,18.1333
2018-11-21,0.45,1015.95,,4.7,6.425,2.75,,139.6667,27.8,6.9
2018-11-22,1.4,1021.0667,,6.025,7.225,4.8,,146.0,16.65,4.6333
2018-11-23,0.15,1023.8,,7.55,9.375,6.225,,116.3333,17.6,5.0667
2018-11-24,15.6,1016.9333,,8.175,9.475,6.725,,93.6667,25.9,6.8333
2018-11-25,14.45,1009.6333,,8.15,9.2,7.25,,53.0,27.8,8.1333
2018-11-26,3.0,1001.6667,,7.45,8.35,6.45,,81.6667,26.85,12.1333
2018-11-27,0.0,1010.8,,5.25,7.575,3.2,,56.6667,27.8,12.8667
2018-11-28,0.0,1024.3,,2.275,5.45,-0.525,,69.5,31.5,7.975
2018-11-29,0.0,1030.425,,-0.3,3.2,-3.25,,79.0,32.4,15.1333
2018-11-30,0.0,1024.775,,-0.575,1.0,-2.275,,80.5,29.65,10.2
2018-12-01,0.05,1021.45,,2.0,6.0,-0.8,,77.3333,18.5,3.4
2018-12-02,0.4,1018.175,,3.325,6.875,0.1,,206.6667,14.85,5.3333
2018-12-03,0.0,1013.125,,7.4,11.9,4.325,,239.0,12.05,4.35
2018-12-04,0.0,1015.225,,8.275,13.55,4.1,,195.3333,14.8,4.9667
2018-12-05,0.05,1028.0,,5.775,8.175,3.325,,102.6667,27.8,11.4
2018-12-06,1.2,1025.0,,4.35,7.1,2.125,,73.6667,22.25,6.8667
2018-12-07,3.15,1019.65,,5.8,11.425,1.3,,151.6667,21.3,6.1667
2018-12-08,2.9,1013.025,10.0,6.475,10.575,1.875,,174.75,29.65,8.35
2018-12-09,0.0,1008.275,,4.775,11.25,0.15,,206.75,22.25,5.85
2018-12-10,0.0,1014.175,,3.625,9.275,0.45,,181.5,14.8,3.775
2018-12-11,0.0,1018.1,,2.175,7.35,-1.475,,173.25,15.75,4.55
2018-12-12,0.0,1020.15,,1.85,7.175,-0.9,,131.0,16.65,3.8
2018-12-13,0.25,1019.8667,,0.375,2.025,-2.025,,47.0,31.5,11.4333
2018-12-14,0.0,1019.925,,0.65,1.325,0.05,,51.0,37.0,15.8
2018-12-15,0.0,1021.425,,0.0,2.65,-2.675,,154.0,31.5,9.4667
2018-12-16,0.0,1020.575,,-1.175,2.625,-5.375,,215.0,19.45,4.475
2018-12-17,0.0,1022.95,,-0.025,2.675,-2.375,,112.3333,20.35,6.0
2018-12-18,0.0,1030.2,,-0.2,4.2,-4.4,,201.3333,19.45,6.9333
2018-12-19,0.1,1026.125,,1.375,4.175,-1.95,,102.3333,21.3,7.1333
2018-12-20,2.3,1023.125,,2.3,3.8,0.7,,157.3333,15.75,3.0
2018-12-21,0.0,1023.9,,3.125,6.9,-0.2,,247.3333,22.2,7.65
2018-12-22,1.5,1018.6333,,6.775,9.675,2.8,,199.5,21.3,10.775
2018-12-23,0.0,1022.5667,,4.4,8.925,0.85,,276.0,14.8,2.6667
2018-12-24,0.65,1017.825,,7.2,11.5,2.65,,191.0,21.3,9.15
2018-12-25,0.0,1030.5,,1.65,5.625,-1.45,,134.6667,17.6,3.1333
2018-12-26,0.0,1030.55,,0.35,5.45,-2.375,,189.3333,12.05,2.2333
2018-12-27,0.0,1028.4667,,-0.05,6.575,-4.1,,169.0,13.9,2.2667
2018-12-28,0.0,1025.4333,,0.65,5.2,-1.975,,163.0,12.05,1.5
2018-12-29,0.0,1028.925,,0.075,5.025,-3.525,,107.3333,15.75,3.1
2018-12-30,0.0,1025.675,,1.625,5.6,-2.075,,208.3333,13.9,3.7333
2018-12-31,0.0,1028.425,,3.975,8.075,0.05,,64.6667,20.4,4.1
2019-01-01,0.0,1026.8,,4.2,8.85,0.125,,157.3333,25.0,6.1667
2019-01-02,0.0,1019.9,,2.425,8.3,-2.15,,231.3333,29.65,9.3333
2019-01-03,0.0,1026.675,,1.625,4.625,-1.525,,174.75,28.7,11.675
2019-01-04,0.0,1029.725,10.0,-0.775,3.35,-5.05,,68.0,28.7,7.15
2019-01-05,0.0,1021.0333,,-0.0,3.1,-2.625,,160.6667,17.6,4.7333
2019-01-06,0.0,1021.225,,0.825,6.3,-3.375,,109.0,16.65,4.2667
2019-01-07,0.0,1028.45,,0.475,2.15,-2.15,,78.3333,24.1,7.1
2019-01-08,0.1,1017.4,,-0.05,2.75,-2.5,,208.3333,17.6,4.7
2019-01-09,0.0,1006.625,,1.1,5.25,-2.3,,90.3333,18.55,4.7667
2019-01-10,0.0,1012.8,,1.675,4.6,-1.025,,46.5,24.05,7.85
2019-01-11,0.0,1021.025,,0.025,4.3,-3.075,,186.0,24.1,7.4
2019-01-12,0.0,1018.275,,0.95,6.0,-2.875,,175.6667,18.55,5.1667
2019-01-13,0.0,1009.0,,3.95,8.55,-1.775,,211.5,21.3,6.05
2019-01-14,0.0,1002.6,,6.375,11.875,1.85,,161.75,22.2,8.625
2019-01-15,0.0,1016.975,,3.775,9.825,-1.4,,198.0,20.35,6.75
2019-01-16,0.0,1017.2,,5.125,10.325,-0.125,,230.0,17.6,7.275
2019-01-17,13.3,1012.575,,8.2,10.175,4.65,,198.0,27.8,11.125
2019-01-18,24.65,1015.45,51.0,3.025,7.625,1.275,,39.6667,31.5,10.1667
2019-01-19,0.0,1019.45,51.0,1.1,1.975,0.25,,47.25,31.5,10.575
2019-01-20,0.0,1016.9,30.0,0.75,4.85,-2.575,,146.3333,25.9,6.6
2019-01-21,0.05,1020.075,51.0,0.675,1.975,-0.525,,97.5,31.5,10.85
2019-01-22,0.2,1012.425,51.0,-0.075,1.55,-1.8,,51.75,36.1,13.2
2019-01-23,1.6,1001.65,89.0,-1.675,-0.75,-2.6,,59.3333,33.35,13.8333
