timestamp,epoch,batch,train_loss,val_loss
2025-06-12 14:47:02,1,1,0.0629562959074974,
2025-06-12 14:47:03,1,2,0.0542411208152771,
2025-06-12 14:47:04,1,3,0.036986563354730606,
2025-06-12 14:47:05,1,4,0.015478412620723248,
2025-06-12 14:47:06,1,5,0.014417236670851707,
2025-06-12 14:47:07,1,6,0.011599965393543243,
2025-06-12 14:47:08,1,7,0.008908518590033054,
2025-06-12 14:47:08,1,8,0.0055715953931212425,
2025-06-12 14:47:09,1,9,0.009206902235746384,
2025-06-12 14:47:10,1,10,0.023943603038787842,
2025-06-12 14:47:11,1,11,0.03441551327705383,
2025-06-12 14:47:12,1,12,0.02613641321659088,
2025-06-12 14:47:13,1,13,0.01167550589889288,
2025-06-12 14:47:14,1,14,0.014714929275214672,
2025-06-12 14:47:14,1,15,0.018226003274321556,
2025-06-12 14:47:15,1,16,0.02169785462319851,
2025-06-12 14:47:16,1,17,0.029345784336328506,
2025-06-12 14:47:17,1,18,0.015041425824165344,
2025-06-12 14:47:18,1,19,0.005403514951467514,
2025-06-12 14:47:18,1,20,0.009869351051747799,
2025-06-12 14:47:19,1,21,0.00873823743313551,
2025-06-12 14:47:20,1,22,0.008124439045786858,
2025-06-12 14:47:21,1,23,0.012965301983058453,
2025-06-12 14:47:22,1,24,0.013746226206421852,
2025-06-12 14:47:23,1,25,0.009709427133202553,
2025-06-12 14:47:23,1,26,0.011732205748558044,
2025-06-12 14:47:24,1,27,0.011164966970682144,
2025-06-12 14:47:25,1,28,0.012086756527423859,
2025-06-12 14:47:26,1,29,0.02888142690062523,
2025-06-12 14:47:27,1,30,0.009767199866473675,
2025-06-12 14:47:28,1,31,0.008069693110883236,
2025-06-12 14:47:28,1,32,0.014744134619832039,
2025-06-12 14:47:29,1,33,0.014616928994655609,
2025-06-12 14:47:30,1,34,0.02937532588839531,
2025-06-12 14:47:31,1,35,0.009040679782629013,
2025-06-12 14:47:32,1,36,0.009210254997015,
2025-06-12 14:47:33,1,37,0.008732680231332779,
2025-06-12 14:47:34,1,38,0.01490064524114132,
2025-06-12 14:47:35,1,39,0.019295793026685715,
2025-06-12 14:47:36,1,40,0.008802461437880993,
2025-06-12 14:47:36,1,41,0.009448487311601639,
2025-06-12 14:47:37,1,42,0.011772653087973595,
2025-06-12 14:47:38,1,43,0.008055154234170914,
2025-06-12 14:47:39,1,44,0.015159634873270988,
2025-06-12 14:47:40,1,45,0.009518557228147984,
2025-06-12 14:47:41,1,46,0.00987702514976263,
2025-06-12 14:47:42,1,47,0.009246720001101494,
2025-06-12 14:47:43,1,48,0.07734496146440506,
2025-06-12 14:47:44,1,49,0.01005364116281271,
2025-06-12 14:47:45,1,50,0.021297981962561607,
2025-06-12 14:47:46,1,51,0.00818769820034504,
2025-06-12 14:47:47,1,52,0.007189215160906315,
2025-06-12 14:47:48,1,53,0.010020492598414421,
2025-06-12 14:47:49,1,54,0.01013464480638504,
2025-06-12 14:47:50,1,55,0.011699192225933075,
2025-06-12 14:47:51,1,56,0.01541889738291502,
2025-06-12 14:47:52,1,57,0.03851940482854843,
2025-06-12 14:47:53,1,58,0.01315118558704853,
2025-06-12 14:47:53,1,59,0.007694154977798462,
2025-06-12 14:47:54,1,60,0.016414139419794083,
2025-06-12 14:47:55,1,61,0.006484060548245907,
2025-06-12 14:47:56,1,62,0.009205272421240807,
2025-06-12 14:47:57,1,63,0.008381340652704239,
2025-06-12 14:47:58,1,64,0.0040885526686906815,
2025-06-12 14:48:00,1,65,0.04480095952749252,
2025-06-12 14:48:01,1,66,0.02155441604554653,
2025-06-12 14:48:02,1,67,0.005006326828151941,
2025-06-12 14:48:02,1,68,0.0032631694339215755,
2025-06-12 14:48:03,1,69,0.0032238028943538666,
2025-06-12 14:48:04,1,70,0.007383429445326328,
2025-06-12 14:48:05,1,71,0.02304001711308956,
2025-06-12 14:48:06,1,72,0.012922072783112526,
2025-06-12 14:48:07,1,73,0.0044704824686050415,
2025-06-12 14:48:08,1,74,0.004920021630823612,
2025-06-12 14:48:09,1,75,0.004279571585357189,
2025-06-12 14:48:10,1,76,0.024728041142225266,
2025-06-12 14:48:11,1,77,0.012448537163436413,
2025-06-12 14:48:12,1,78,0.007921634241938591,
2025-06-12 14:48:13,1,79,0.004286823328584433,
2025-06-12 14:48:13,1,80,0.010826784186065197,
2025-06-12 14:48:14,1,81,0.014463700354099274,
2025-06-12 14:48:15,1,82,0.021576059982180595,
2025-06-12 14:48:16,1,83,0.011731177568435669,
2025-06-12 14:48:17,1,84,0.0046920208260416985,
2025-06-12 14:48:18,1,85,0.0073380423709750175,
2025-06-12 14:48:19,1,86,0.012904753908514977,
2025-06-12 14:48:20,1,87,0.012718163430690765,
2025-06-12 14:48:20,1,88,0.009850041940808296,
2025-06-12 14:48:21,1,89,0.01646607182919979,
2025-06-12 14:48:22,1,90,0.004913989454507828,
2025-06-12 14:48:23,1,91,0.01799718290567398,
2025-06-12 14:48:24,1,92,0.028974389657378197,
2025-06-12 14:48:25,1,93,0.005645234137773514,
2025-06-12 14:48:26,1,94,0.0036805737763643265,
2025-06-12 14:48:27,1,95,0.005984026938676834,
2025-06-12 14:48:27,1,96,0.010310838930308819,
2025-06-12 14:48:28,1,97,0.058883678168058395,
2025-06-12 14:48:29,1,98,0.034192562103271484,
2025-06-12 14:48:30,1,99,0.0018074007239192724,
2025-06-12 14:48:31,1,100,0.0036663382779806852,
2025-06-12 14:48:32,1,101,0.003338558366522193,
2025-06-12 14:48:33,1,102,0.004152562003582716,
2025-06-12 14:48:33,1,103,0.015635225921869278,
2025-06-12 14:48:34,1,104,0.009987141005694866,
2025-06-12 14:48:35,1,105,0.004801924806088209,
2025-06-12 14:48:36,1,106,0.0050894226878881454,
2025-06-12 14:48:37,1,107,0.008509078063070774,
2025-06-12 14:48:38,1,108,0.016470205038785934,
2025-06-12 14:48:39,1,109,0.0229264497756958,
2025-06-12 14:48:39,1,110,0.0156266912817955,
2025-06-12 14:48:40,1,111,0.013679806143045425,
2025-06-12 14:48:41,1,112,0.019909154623746872,
2025-06-12 14:48:42,1,113,0.024400964379310608,
2025-06-12 14:48:43,1,114,0.011960978619754314,
2025-06-12 14:48:44,1,115,0.005209416151046753,
2025-06-12 14:48:45,1,116,0.007414174731820822,
2025-06-12 14:48:46,1,117,0.03310141712427139,
2025-06-12 14:48:47,1,118,0.026524048298597336,
2025-06-12 14:48:48,1,119,0.01044459268450737,
2025-06-12 14:48:49,1,120,0.007006466388702393,
2025-06-12 14:48:49,1,121,0.01180249359458685,
2025-06-12 14:48:50,1,122,0.007162076886743307,
2025-06-12 14:48:51,1,123,0.018105074763298035,
2025-06-12 14:48:52,1,124,0.008630277588963509,
2025-06-12 14:48:53,1,125,0.015817999839782715,
2025-06-12 14:48:54,1,126,0.005751891992986202,
2025-06-12 14:48:55,1,127,0.0034708394668996334,
2025-06-12 14:48:56,1,128,0.015524661168456078,
2025-06-12 14:48:57,1,129,0.013303183019161224,
2025-06-12 14:48:57,1,130,0.003681484144181013,
2025-06-12 14:48:58,1,131,0.00919186882674694,
2025-06-12 14:48:59,1,132,0.011993209831416607,
2025-06-12 14:49:00,1,133,0.00526678841561079,
2025-06-12 14:49:01,1,134,0.014035865664482117,
2025-06-12 14:49:02,1,135,0.009136023931205273,
2025-06-12 14:49:03,1,136,0.00907500647008419,
2025-06-12 14:49:04,1,137,0.00881696492433548,
2025-06-12 14:49:04,1,138,0.009135231375694275,
2025-06-12 14:49:05,1,139,0.017866939306259155,
2025-06-12 14:49:06,1,140,0.008035157807171345,
2025-06-12 14:49:07,1,141,0.0020865346305072308,
2025-06-12 14:49:08,1,142,0.0032788817770779133,
2025-06-12 14:49:09,1,143,0.0034477165900170803,
2025-06-12 14:49:10,1,144,0.02247839793562889,
2025-06-12 14:49:10,1,145,0.05698519945144653,
2025-06-12 14:49:11,1,146,0.018585380166769028,
2025-06-12 14:49:12,1,147,0.006249658763408661,
2025-06-12 14:49:13,1,148,0.0048966314643621445,
2025-06-12 14:49:14,1,149,0.023453785106539726,
2025-06-12 14:49:15,1,150,0.030384741723537445,
2025-06-12 14:49:16,1,151,0.006120164878666401,
2025-06-12 14:49:17,1,152,0.001762202475219965,
2025-06-12 14:49:17,1,153,0.010632921010255814,
2025-06-12 14:49:18,1,154,0.016106337308883667,
2025-06-12 14:49:19,1,155,0.020216699689626694,
2025-06-12 14:49:20,1,156,0.005706779193133116,
2025-06-12 14:49:21,1,157,0.0032130987383425236,
2025-06-12 14:49:22,1,158,0.004318758379667997,
2025-06-12 14:49:23,1,159,0.010696536861360073,
2025-06-12 14:49:24,1,160,0.012283584102988243,
2025-06-12 14:49:25,1,161,0.004953138530254364,
2025-06-12 14:49:25,1,162,0.012492059729993343,
2025-06-12 14:49:26,1,163,0.004824495874345303,
2025-06-12 14:49:27,1,164,0.006271842867136002,
2025-06-12 14:49:28,1,165,0.010153505951166153,
2025-06-12 14:49:29,1,166,0.00882746558636427,
2025-06-12 14:49:30,1,167,0.00870266743004322,
2025-06-12 14:49:31,1,168,0.003199261147528887,
2025-06-12 14:49:32,1,169,0.0024209923576563597,
2025-06-12 14:49:32,1,170,0.0018280369695276022,
2025-06-12 14:49:33,1,171,0.00369066558778286,
2025-06-12 14:49:34,1,172,0.004984005354344845,
2025-06-12 14:49:35,1,173,0.007505439221858978,
2025-06-12 14:49:36,1,174,0.008621982298791409,
2025-06-12 14:49:37,1,175,0.005445215851068497,
2025-06-12 14:49:38,1,176,0.004203311633318663,
2025-06-12 14:49:39,1,177,0.0027362629771232605,
2025-06-12 14:49:40,1,178,0.0020611989311873913,
2025-06-12 14:49:40,1,179,0.0016977678751572967,
2025-06-12 14:49:41,1,180,0.008276000618934631,
2025-06-12 14:49:42,1,181,0.0019728797487914562,
2025-06-12 14:49:43,1,182,0.02040056511759758,
2025-06-12 14:49:44,1,183,0.007003420498222113,
2025-06-12 14:49:45,1,184,0.006361505948007107,
2025-06-12 14:49:46,1,185,0.004273801576346159,
2025-06-12 14:49:47,1,186,0.0032768738456070423,
2025-06-12 14:49:48,1,187,0.0036370325833559036,
2025-06-12 14:49:49,1,188,0.002117713214829564,
2025-06-12 14:49:50,1,189,0.0013384565245360136,
2025-06-12 14:49:51,1,190,0.006546757649630308,
2025-06-12 14:49:52,1,191,0.007872238755226135,
2025-06-12 14:49:53,1,192,0.008041898719966412,
2025-06-12 14:49:54,1,193,0.011312915943562984,
2025-06-12 14:49:54,1,194,0.005183848552405834,
2025-06-12 14:49:55,1,195,0.010044141672551632,
2025-06-12 14:49:56,1,196,0.00932876393198967,
2025-06-12 14:49:57,1,197,0.00982580240815878,
2025-06-12 14:49:58,1,198,0.005149605218321085,
2025-06-12 14:49:59,1,199,0.0038361730985343456,
2025-06-12 14:50:00,1,200,0.002467694226652384,
2025-06-12 14:50:01,1,201,0.005037943832576275,
2025-06-12 14:50:02,1,202,0.014955563470721245,
2025-06-12 14:50:02,1,203,0.0012503581820055842,
2025-06-12 14:50:03,1,204,0.006395441945642233,
2025-06-12 14:50:04,1,205,0.004774353466928005,
2025-06-12 14:50:05,1,206,0.015936439856886864,
2025-06-12 14:50:06,1,207,0.0031754111405462027,
2025-06-12 14:50:07,1,208,0.0009652326698414981,
2025-06-12 14:50:08,1,209,0.0022417609579861164,
2025-06-12 14:50:09,1,210,0.0014523607678711414,
2025-06-12 14:50:10,1,211,0.0026460110675543547,
2025-06-12 14:50:11,1,212,0.001753421500325203,
2025-06-12 14:50:11,1,213,0.0020512519404292107,
2025-06-12 14:50:12,1,214,0.004792919382452965,
2025-06-12 14:50:13,1,215,0.0007476989412680268,
2025-06-12 14:50:14,1,216,0.002239917404949665,
2025-06-12 14:50:15,1,217,0.0019057877361774445,
2025-06-12 14:50:16,1,218,0.0015045737382024527,
2025-06-12 14:50:17,1,219,0.0012317791115492582,
2025-06-12 14:50:18,1,220,0.0005049372557550669,
2025-06-12 14:50:19,1,221,0.0005004822742193937,
2025-06-12 14:50:20,1,222,0.0008738171309232712,
2025-06-12 14:50:21,1,223,0.0020722229965031147,
2025-06-12 14:50:22,1,224,0.0007997945649549365,
2025-06-12 14:50:23,1,225,0.0028689741156995296,
2025-06-12 14:50:23,1,226,0.014566950500011444,
2025-06-12 14:50:24,1,227,0.0036889947950839996,
2025-06-12 14:50:25,1,228,0.0012211010325700045,
2025-06-12 14:50:26,1,229,0.0008242854382842779,
2025-06-12 14:50:27,1,230,0.001382677350193262,
2025-06-12 14:50:28,1,231,0.0009722112445160747,
2025-06-12 14:50:29,1,232,0.0013405302306637168,
2025-06-12 14:50:29,1,233,0.0024864720180630684,
2025-06-12 14:50:30,1,234,0.0012042318703606725,
2025-06-12 14:50:31,1,235,0.00041330987005494535,
2025-06-12 14:50:32,1,236,0.00031938732718117535,
2025-06-12 14:50:33,1,237,0.00022777853882871568,
2025-06-12 14:50:34,1,238,0.00036170147359371185,
2025-06-12 14:50:34,1,239,0.0018606630619615316,
2025-06-12 14:50:35,1,240,0.0006554026040248573,
2025-06-12 14:50:36,1,241,0.000399627722799778,
2025-06-12 14:50:37,1,242,0.00034472288098186255,
2025-06-12 14:50:38,1,243,0.0004499320057220757,
2025-06-12 14:50:39,1,244,0.00024632824352011085,
2025-06-12 14:50:40,1,245,0.0004073703312315047,
2025-06-12 14:50:41,1,246,0.00034687708830460906,
2025-06-12 14:50:42,1,247,0.0002672193222679198,
2025-06-12 14:50:42,1,248,0.00029095541685819626,
2025-06-12 14:50:43,1,249,0.0006368741160258651,
2025-06-12 14:50:44,1,250,0.0004542349779512733,
2025-06-12 14:50:45,1,251,0.00022786512272432446,
2025-06-12 14:50:46,1,252,0.00016099047206807882,
2025-06-12 14:50:47,1,253,0.0029513321351259947,
2025-06-12 14:50:48,1,254,0.0011365374084562063,
2025-06-12 14:50:49,1,255,0.0006101289764046669,
2025-06-12 14:50:50,1,256,0.0004790268139913678,
2025-06-12 14:50:51,1,257,0.0005757546168752015,
2025-06-12 14:50:52,1,258,0.00020764817600138485,
2025-06-12 14:50:53,1,259,0.0005008979933336377,
2025-06-12 14:50:54,1,260,0.0004960363730788231,
2025-06-12 14:50:55,1,261,0.00047385692596435547,
2025-06-12 14:50:56,1,262,0.0006390229682438076,
2025-06-12 14:50:58,1,263,0.001284831203520298,
2025-06-12 14:50:59,1,264,0.0006757369264960289,
2025-06-12 14:51:00,1,265,0.000643703737296164,
2025-06-12 14:51:01,1,266,0.0018182344501838088,
2025-06-12 14:51:02,1,267,0.000252652884228155,
2025-06-12 14:51:03,1,268,0.0003613899170886725,
2025-06-12 14:51:04,1,269,0.00042158595169894397,
2025-06-12 14:51:04,1,270,0.0007771541131660342,
2025-06-12 14:51:05,1,271,0.001459335908293724,
2025-06-12 14:51:06,1,272,0.0021134167909622192,
2025-06-12 14:51:07,1,273,0.002982580801472068,
2025-06-12 14:51:08,1,274,0.0012329037999734282,
2025-06-12 14:51:09,1,275,0.0008523919386789203,
2025-06-12 14:51:10,1,276,0.0016307893674820662,
2025-06-12 14:51:11,1,277,0.0029904968105256557,
2025-06-12 14:51:12,1,278,0.0028901323676109314,
2025-06-12 14:51:13,1,279,0.0008594250539317727,
2025-06-12 14:51:13,1,280,0.0014174857642501593,
2025-06-12 14:51:14,1,281,0.0013656787341460586,
2025-06-12 14:51:15,1,282,0.002225451869890094,
2025-06-12 14:51:16,1,283,0.001527976244688034,
2025-06-12 14:51:17,1,284,0.002035075332969427,
2025-06-12 14:51:18,1,285,0.0014133085496723652,
2025-06-12 14:51:19,1,286,0.0011161561124026775,
2025-06-12 14:51:20,1,287,0.0045114015229046345,
2025-06-12 14:51:21,1,288,0.0010315399849787354,
2025-06-12 14:51:22,1,289,0.0039663370698690414,
2025-06-12 14:51:23,1,290,0.0036091110669076443,
2025-06-12 14:51:24,1,291,0.007482740096747875,
2025-06-12 14:51:25,1,292,0.012445180676877499,
2025-06-12 14:51:25,1,293,0.004760668613016605,
2025-06-12 14:51:26,1,294,0.0013129723956808448,
2025-06-12 14:51:27,1,295,0.002178325317800045,
2025-06-12 14:51:28,1,296,0.004408050328493118,
2025-06-12 14:51:29,1,297,0.0049007348716259,
2025-06-12 14:51:30,1,298,0.008405262604355812,
2025-06-12 14:51:31,1,299,0.013894124887883663,
2025-06-12 14:51:32,1,300,0.0016026271041482687,
2025-06-12 14:51:33,1,301,0.009371072053909302,
2025-06-12 14:51:34,1,302,0.003977786283940077,
2025-06-12 14:51:35,1,303,0.006272607482969761,
2025-06-12 14:51:35,1,304,0.0026545878499746323,
2025-06-12 14:51:36,1,305,0.002925882115960121,
2025-06-12 14:51:37,1,306,0.0016034913714975119,
2025-06-12 14:51:38,1,307,0.013431193307042122,
2025-06-12 14:51:39,1,308,0.005166775546967983,
2025-06-12 14:51:40,1,309,0.0026290155947208405,
2025-06-12 14:51:41,1,310,0.013436923734843731,
2025-06-12 14:51:42,1,311,0.0015038329875096679,
2025-06-12 14:51:43,1,312,0.023784782737493515,
2025-06-12 14:51:44,1,313,0.01203597616404295,
2025-06-12 14:51:45,1,314,0.002588211791589856,
2025-06-12 14:51:46,1,315,0.003966006450355053,
2025-06-12 14:51:47,1,316,0.004557065200060606,
2025-06-12 14:51:48,1,317,0.01087198220193386,
2025-06-12 14:51:48,1,318,0.009728601202368736,
2025-06-12 14:51:49,1,319,0.02239035628736019,
2025-06-12 14:51:50,1,320,0.007412671577185392,
2025-06-12 14:51:51,1,321,0.007499020546674728,
2025-06-12 14:51:52,1,322,0.01361490786075592,
2025-06-12 14:51:53,1,323,0.01526881568133831,
2025-06-12 14:51:54,1,324,0.022493988275527954,
2025-06-12 14:51:55,1,325,0.00314896903000772,
2025-06-12 14:51:56,1,326,0.0033942796289920807,
2025-06-12 14:51:57,1,327,0.00879425648599863,
2025-06-12 14:51:58,1,328,0.01579917035996914,
2025-06-12 14:51:59,1,329,0.011542899534106255,
2025-06-12 14:52:00,1,330,0.020158786326646805,
2025-06-12 14:52:02,1,331,0.01898350566625595,
2025-06-12 14:52:03,1,332,0.010572107508778572,
2025-06-12 14:52:04,1,333,0.0233774334192276,
2025-06-12 14:52:05,1,334,0.02189132198691368,
2025-06-12 14:52:06,1,335,0.005535133183002472,
2025-06-12 14:52:07,1,336,0.019887294620275497,
2025-06-12 14:52:08,1,337,0.02644006721675396,
2025-06-12 14:52:09,1,338,0.05998532101511955,
2025-06-12 14:52:10,1,339,0.0179518461227417,
2025-06-12 14:52:10,1,340,0.03644532710313797,
2025-06-12 14:52:11,1,341,0.045141130685806274,
2025-06-12 14:52:12,1,342,0.003958201967179775,
2025-06-12 14:52:13,1,343,0.03194979578256607,
2025-06-12 14:52:14,1,344,0.020402204245328903,
2025-06-12 14:52:15,1,345,0.011589964851737022,
2025-06-12 14:52:16,1,346,0.012830249033868313,
2025-06-12 14:52:16,1,347,0.01753530465066433,
2025-06-12 14:52:17,1,348,0.024750297889113426,
2025-06-12 14:52:18,1,349,0.02431834302842617,
2025-06-12 14:52:19,1,350,0.019950998947024345,
2025-06-12 14:52:20,1,351,0.01222640834748745,
2025-06-12 14:52:21,1,352,0.008626693859696388,
2025-06-12 14:52:22,1,353,0.005946494173258543,
2025-06-12 14:52:22,1,354,0.016908515244722366,
2025-06-12 14:52:23,1,355,0.024660702794790268,
2025-06-12 14:52:24,1,356,0.012415334582328796,
2025-06-12 14:52:25,1,357,0.015545055270195007,
2025-06-12 14:52:26,1,358,0.0179375559091568,
2025-06-12 14:52:27,1,359,0.013936800882220268,
2025-06-12 14:52:28,1,360,0.018618114292621613,
2025-06-12 14:52:28,1,361,0.013070858083665371,
2025-06-12 14:52:29,1,362,0.0038754399865865707,
2025-06-12 14:52:30,1,363,0.00983732845634222,
2025-06-12 14:52:31,1,364,0.009360389783978462,
2025-06-12 14:52:32,1,365,0.024734225124120712,
2025-06-12 14:52:33,1,366,0.007505640387535095,
2025-06-12 14:52:34,1,367,0.0021972644608467817,
2025-06-12 14:52:34,1,368,0.003109349636361003,
2025-06-12 14:52:35,1,369,0.012453186325728893,
2025-06-12 14:52:36,1,370,0.01824265718460083,
2025-06-12 14:52:37,1,371,0.01138575654476881,
2025-06-12 14:52:38,1,372,0.0072799548506736755,
2025-06-12 14:52:39,1,373,0.005225672386586666,
2025-06-12 14:52:40,1,374,0.011127389967441559,
2025-06-12 14:52:41,1,375,0.013776357285678387,
2025-06-12 14:52:41,1,376,0.003836004761978984,
2025-06-12 14:52:42,1,377,0.002141488716006279,
2025-06-12 14:52:43,1,378,0.009492827579379082,
2025-06-12 14:52:44,1,379,0.07659450173377991,
2025-06-12 14:52:45,1,380,0.004488301929086447,
2025-06-12 14:52:46,1,381,0.004123035818338394,
2025-06-12 14:52:47,1,382,0.027012132108211517,
2025-06-12 14:52:48,1,383,0.010743062943220139,
2025-06-12 14:52:49,1,384,0.0037947900127619505,
2025-06-12 14:52:50,1,385,0.0113462433218956,
2025-06-12 14:52:51,1,386,0.0076409294269979,
2025-06-12 14:52:51,1,387,0.01830928586423397,
2025-06-12 14:52:52,1,388,0.004584071692079306,
2025-06-12 14:52:53,1,389,0.008155125193297863,
2025-06-12 14:52:54,1,390,0.010625790804624557,
2025-06-12 14:52:55,1,391,0.016953367739915848,
2025-06-12 14:52:56,1,392,0.007250860333442688,
2025-06-12 14:52:57,1,393,0.00491165928542614,
2025-06-12 14:52:58,1,394,0.0050034294836223125,
2025-06-12 14:52:59,1,395,0.007786686532199383,
2025-06-12 14:53:00,1,396,0.031967416405677795,
2025-06-12 14:53:01,1,397,0.024430066347122192,
2025-06-12 14:53:02,1,398,0.006504143588244915,
2025-06-12 14:53:03,1,399,0.0024469224736094475,
2025-06-12 14:53:04,1,400,0.0029063327237963676,
2025-06-12 14:53:04,1,401,0.00658899312838912,
2025-06-12 14:53:05,1,402,0.012751089408993721,
2025-06-12 14:53:06,1,403,0.006653687916696072,
2025-06-12 14:53:07,1,404,0.007728538941591978,
2025-06-12 14:53:08,1,405,0.0066499533131718636,
2025-06-12 14:53:09,1,406,0.006649656221270561,
2025-06-12 14:53:10,1,407,0.009722323156893253,
2025-06-12 14:53:11,1,408,0.006474287714809179,
2025-06-12 14:53:12,1,409,0.0034760506823658943,
2025-06-12 14:53:13,1,410,0.005981893744319677,
2025-06-12 14:53:13,1,411,0.008480007760226727,
2025-06-12 14:53:14,1,412,0.013724768534302711,
2025-06-12 14:53:15,1,413,0.014164792373776436,
2025-06-12 14:53:16,1,414,0.00576044013723731,
2025-06-12 14:53:17,1,415,0.012234198860824108,
2025-06-12 14:53:18,1,416,0.0127931609749794,
2025-06-12 14:53:18,1,417,0.026240644976496696,
2025-06-12 14:53:19,1,418,0.01412651501595974,
2025-06-12 14:53:20,1,419,0.0020228466019034386,
2025-06-12 14:53:21,1,420,0.004322521388530731,
2025-06-12 14:53:22,1,421,0.006327876355499029,
2025-06-12 14:53:23,1,422,0.008196908980607986,
2025-06-12 14:53:24,1,423,0.008593390695750713,
2025-06-12 14:53:24,1,424,0.006749217864125967,
2025-06-12 14:53:25,1,425,0.006399339064955711,
2025-06-12 14:53:26,1,426,0.0017912121256813407,
2025-06-12 14:53:27,1,427,0.008746415376663208,
2025-06-12 14:53:28,1,428,0.011698916554450989,
2025-06-12 14:53:29,1,429,0.014453038573265076,
2025-06-12 14:53:29,1,430,0.0022794166579842567,
2025-06-12 14:53:30,1,431,0.0025660935789346695,
2025-06-12 14:53:31,1,432,0.01257388200610876,
2025-06-12 14:53:32,1,433,0.029060890898108482,
2025-06-12 14:53:33,1,434,0.010696656070649624,
2025-06-12 14:53:34,1,435,0.0015828076284378767,
2025-06-12 14:53:35,1,436,0.004702537786215544,
2025-06-12 14:53:35,1,437,0.006361519917845726,
2025-06-12 14:53:36,1,438,0.03133440762758255,
2025-06-12 14:53:37,1,439,0.021740932017564774,
2025-06-12 14:53:38,1,440,0.009312063455581665,
2025-06-12 14:53:39,1,441,0.00436899159103632,
2025-06-12 14:53:40,1,442,0.007386449724435806,
2025-06-12 14:53:41,1,443,0.014376664534211159,
2025-06-12 14:53:41,1,444,0.017297357320785522,
2025-06-12 14:53:42,1,445,0.005407966673374176,
2025-06-12 14:53:43,1,446,0.0027731992304325104,
2025-06-12 14:53:44,1,447,0.012868907302618027,
2025-06-12 14:53:45,1,448,0.010952997021377087,
2025-06-12 14:53:46,1,449,0.006908338516950607,
2025-06-12 14:53:47,1,450,0.012365587055683136,
2025-06-12 14:53:47,1,451,0.004021508619189262,
2025-06-12 14:53:48,1,452,0.0034813731908798218,
2025-06-12 14:53:49,1,453,0.01381786447018385,
2025-06-12 14:53:50,1,454,0.005976509302854538,
2025-06-12 14:53:51,1,455,0.017894625663757324,
2025-06-12 14:53:52,1,456,0.0074875555001199245,
2025-06-12 14:53:53,1,457,0.006221288349479437,
2025-06-12 14:53:53,1,458,0.002886490896344185,
2025-06-12 14:53:54,1,459,0.006907743867486715,
2025-06-12 14:53:55,1,460,0.0041677686385810375,
2025-06-12 14:53:56,1,461,0.0260919239372015,
2025-06-12 14:53:57,1,462,0.0041523403488099575,
2025-06-12 14:53:58,1,463,0.004580406472086906,
2025-06-12 14:53:59,1,464,0.010853818617761135,
2025-06-12 14:54:00,1,465,0.00664140610024333,
2025-06-12 14:54:01,1,466,0.008001698181033134,
2025-06-12 14:54:02,1,467,0.0071502565406262875,
2025-06-12 14:54:03,1,468,0.011032242327928543,
2025-06-12 14:54:04,1,469,0.009643344208598137,
2025-06-12 14:54:05,1,470,0.009080998599529266,
2025-06-12 14:54:06,1,471,0.0046443697065114975,
2025-06-12 14:54:06,1,472,0.0029160622507333755,
2025-06-12 14:54:07,1,473,0.006669565103948116,
2025-06-12 14:54:08,1,474,0.0068573798052966595,
2025-06-12 14:54:09,1,475,0.003051537787541747,
2025-06-12 14:54:10,1,476,0.004873647354543209,
2025-06-12 14:54:11,1,477,0.004387584049254656,
2025-06-12 14:54:12,1,478,0.00291399285197258,
2025-06-12 14:54:13,1,479,0.0013925711391493678,
2025-06-12 14:54:14,1,480,0.0002923529827967286,
2025-06-12 14:54:14,1,481,0.002188375685364008,
2025-06-12 14:54:15,1,482,0.0016027495730668306,
2025-06-12 14:54:16,1,483,0.001993214711546898,
2025-06-12 14:54:17,1,484,0.0014895161148160696,
2025-06-12 14:54:18,1,485,0.009839517995715141,
2025-06-12 14:54:19,1,486,0.003957698121666908,
2025-06-12 14:54:20,1,487,0.0016596465138718486,
2025-06-12 14:54:21,1,488,0.0013777324929833412,
2025-06-12 14:54:22,1,489,0.0018341796239838004,
2025-06-12 14:54:23,1,490,0.003056588117033243,
2025-06-12 14:54:23,1,491,0.0012163862120360136,
2025-06-12 14:54:24,1,492,0.0007078776834532619,
2025-06-12 14:54:25,1,493,0.000756209425162524,
2025-06-12 14:54:26,1,494,0.0009833096992224455,
2025-06-12 14:54:27,1,495,0.0010718258563429117,
2025-06-12 14:54:28,1,496,0.0004225673619657755,
2025-06-12 14:54:29,1,497,0.0012555457651615143,
2025-06-12 14:54:30,1,498,0.003839953802525997,
2025-06-12 14:54:30,1,499,0.007786954753100872,
2025-06-12 14:54:31,1,500,0.0012718508951365948,
2025-06-12 14:54:32,1,501,0.00047906249528750777,
2025-06-12 14:54:33,1,502,0.0009814701043069363,
2025-06-12 14:54:34,1,503,0.0003994246362708509,
2025-06-12 14:54:35,1,504,0.0002957466058433056,
2025-06-12 14:54:36,1,505,0.00818703230470419,
2025-06-12 14:54:37,1,506,0.0023845997639000416,
2025-06-12 14:54:38,1,507,0.0007758188876323402,
2025-06-12 14:54:39,1,508,0.001291066175326705,
2025-06-12 14:54:40,1,509,0.0009609493426978588,
2025-06-12 14:54:40,1,510,0.00034710366162471473,
2025-06-12 14:54:41,1,511,0.0010282705770805478,
2025-06-12 14:54:42,1,512,0.0006095003336668015,
2025-06-12 14:54:43,1,513,0.0003345743170939386,
2025-06-12 14:54:44,1,514,0.0002578080166131258,
2025-06-12 14:54:45,1,515,0.00018938450375571847,
2025-06-12 14:54:46,1,516,0.00040696150972507894,
2025-06-12 14:54:47,1,517,0.00038759014569222927,
2025-06-12 14:54:47,1,518,0.0004353680124040693,
2025-06-12 14:54:48,1,519,0.00024646619567647576,
2025-06-12 14:54:49,1,520,0.00023660389706492424,
2025-06-12 14:54:50,1,521,0.000342443905537948,
2025-06-12 14:54:51,1,522,0.000360419595381245,
2025-06-12 14:54:52,1,523,0.001065824064426124,
2025-06-12 14:54:53,1,524,0.0005611114902421832,
2025-06-12 14:54:53,1,525,0.00016552588203921914,
2025-06-12 14:54:54,1,526,0.0002627313369885087,
2025-06-12 14:54:55,1,527,0.00047638846444897354,
2025-06-12 14:54:56,1,528,0.00047384784556925297,
2025-06-12 14:54:57,1,529,0.00025339919375255704,
2025-06-12 14:54:58,1,530,0.00015318384976126254,
2025-06-12 14:54:59,1,531,0.0001673545630183071,
2025-06-12 14:55:00,1,532,0.0004281258152332157,
2025-06-12 14:55:01,1,533,0.00039399892557412386,
2025-06-12 14:55:02,1,534,0.0006073404802009463,
2025-06-12 14:55:03,1,535,0.0002156879345420748,
2025-06-12 14:55:04,1,536,0.0024033761583268642,
2025-06-12 14:55:05,1,537,0.0006609308766201138,
2025-06-12 14:55:06,1,538,0.0004313877725508064,
2025-06-12 14:55:07,1,539,0.0008557703695259988,
2025-06-12 14:55:08,1,540,0.000372424692614004,
2025-06-12 14:55:09,1,541,0.0010529361898079515,
2025-06-12 14:55:10,1,542,0.0007676811655983329,
2025-06-12 14:55:11,1,543,0.0005902659031562507,
2025-06-12 14:55:12,1,544,0.0015531007666140795,
2025-06-12 14:55:12,1,545,0.0007918048650026321,
2025-06-12 14:55:13,1,546,0.0007390746613964438,
2025-06-12 14:55:14,1,547,0.001491255359724164,
2025-06-12 14:55:15,1,548,0.0013277780963107944,
2025-06-12 14:55:16,1,549,0.0008331846911460161,
2025-06-12 14:55:17,1,550,0.0017138570547103882,
2025-06-12 14:55:18,1,551,0.0028308690525591373,
2025-06-12 14:55:18,1,552,0.006090368144214153,
2025-06-12 14:55:19,1,553,0.0016555401962250471,
2025-06-12 14:55:20,1,554,0.000876217323821038,
2025-06-12 14:55:21,1,555,0.0036946656182408333,
2025-06-12 14:55:22,1,556,0.0023850006982684135,
2025-06-12 14:55:23,1,557,0.0016965363174676895,
2025-06-12 14:55:24,1,558,0.003778083948418498,
2025-06-12 14:55:24,1,559,0.0017661628080531955,
2025-06-12 14:55:25,1,560,0.007672687526792288,
2025-06-12 14:55:26,1,561,0.0014067006995901465,
2025-06-12 14:55:27,1,562,0.0015843514120206237,
2025-06-12 14:55:28,1,563,0.0018680591601878405,
2025-06-12 14:55:29,1,564,0.005831301212310791,
2025-06-12 14:55:30,1,565,0.010226253420114517,
2025-06-12 14:55:30,1,566,0.004932737909257412,
2025-06-12 14:55:31,1,567,0.0037436545826494694,
2025-06-12 14:55:32,1,568,0.004809437319636345,
2025-06-12 14:55:33,1,569,0.00384839391335845,
2025-06-12 14:55:34,1,570,0.0030618165619671345,
2025-06-12 14:55:35,1,571,0.006412524729967117,
2025-06-12 14:55:36,1,572,0.0015311683528125286,
2025-06-12 14:55:36,1,573,0.009122347459197044,
2025-06-12 14:55:37,1,574,0.00930400937795639,
2025-06-12 14:55:38,1,575,0.003360874718055129,
2025-06-12 14:55:39,1,576,0.008174484595656395,
2025-06-12 14:55:40,1,577,0.011333047412335873,
2025-06-12 14:55:41,1,578,0.007043223828077316,
2025-06-12 14:55:42,1,579,0.004660294856876135,
2025-06-12 14:55:42,1,580,0.003370588179677725,
2025-06-12 14:55:43,1,581,0.008009204640984535,
2025-06-12 14:55:44,1,582,0.005825513508170843,
2025-06-12 14:55:45,1,583,0.004197962116450071,
2025-06-12 14:55:46,1,584,0.004355096723884344,
2025-06-12 14:55:47,1,585,0.00807957723736763,
2025-06-12 14:55:48,1,586,0.009310844354331493,
2025-06-12 14:55:48,1,587,0.003801090409979224,
2025-06-12 14:55:49,1,588,0.0020676073618233204,
2025-06-12 14:55:50,1,589,0.0036518550477921963,
2025-06-12 14:55:51,1,590,0.022310778498649597,
2025-06-12 14:55:52,1,591,0.02098466269671917,
2025-06-12 14:55:53,1,592,0.010894594714045525,
2025-06-12 14:55:54,1,593,0.0026350568514317274,
2025-06-12 14:55:54,1,594,0.0032968800514936447,
2025-06-12 14:55:55,1,595,0.004024012479931116,
2025-06-12 14:56:30,1,avg,0.008609379187325102,0.015075250657515206
2025-06-12 14:56:31,2,1,0.006612285505980253,
2025-06-12 14:56:32,2,2,0.010272732004523277,
2025-06-12 14:56:33,2,3,0.005199987441301346,
2025-06-12 14:56:34,2,4,0.005396164022386074,
2025-06-12 14:56:35,2,5,0.0017103112768381834,
2025-06-12 14:56:36,2,6,0.0019152420572936535,
2025-06-12 14:56:36,2,7,0.0008657163707539439,
2025-06-12 14:56:37,2,8,0.0010112258605659008,
2025-06-12 14:56:38,2,9,0.003925758879631758,
2025-06-12 14:56:39,2,10,0.010231261141598225,
2025-06-12 14:56:40,2,11,0.009244212880730629,
2025-06-12 14:56:41,2,12,0.005323053803294897,
2025-06-12 14:56:42,2,13,0.003411551471799612,
2025-06-12 14:56:43,2,14,0.005235091783106327,
2025-06-12 14:56:44,2,15,0.0017734905704855919,
2025-06-12 14:56:44,2,16,0.004670965950936079,
2025-06-12 14:56:45,2,17,0.00603522127494216,
2025-06-12 14:56:46,2,18,0.011564402841031551,
2025-06-12 14:56:47,2,19,0.007620060816407204,
2025-06-12 14:56:48,2,20,0.0038245744071900845,
2025-06-12 14:56:49,2,21,0.00228868774138391,
2025-06-12 14:56:50,2,22,0.002817280124872923,
2025-06-12 14:56:51,2,23,0.006071053445339203,
2025-06-12 14:56:52,2,24,0.0038074497133493423,
2025-06-12 14:56:52,2,25,0.006076101213693619,
2025-06-12 14:56:53,2,26,0.0016921681817620993,
2025-06-12 14:56:54,2,27,0.0011625334154814482,
2025-06-12 14:56:55,2,28,0.0033156978897750378,
2025-06-12 14:56:56,2,29,0.02846132218837738,
2025-06-12 14:56:57,2,30,0.010737113654613495,
2025-06-12 14:56:58,2,31,0.0035211406648159027,
2025-06-12 14:56:59,2,32,0.008458435535430908,
2025-06-12 14:56:59,2,33,0.006304305978119373,
2025-06-12 14:57:00,2,34,0.02045392245054245,
2025-06-12 14:57:01,2,35,0.011543619446456432,
2025-06-12 14:57:02,2,36,0.0020973319187760353,
2025-06-12 14:57:03,2,37,0.004167100880295038,
2025-06-12 14:57:04,2,38,0.004641553852707148,
2025-06-12 14:57:05,2,39,0.012409942224621773,
2025-06-12 14:57:06,2,40,0.010539615526795387,
2025-06-12 14:57:07,2,41,0.003744509071111679,
2025-06-12 14:57:08,2,42,0.004782427102327347,
2025-06-12 14:57:08,2,43,0.002075820229947567,
2025-06-12 14:57:09,2,44,0.008492020890116692,
2025-06-12 14:57:10,2,45,0.009385928511619568,
2025-06-12 14:57:11,2,46,0.007647897116839886,
2025-06-12 14:57:12,2,47,0.004436691757291555,
2025-06-12 14:57:13,2,48,0.07553496956825256,
2025-06-12 14:57:13,2,49,0.008945736102759838,
2025-06-12 14:57:14,2,50,0.019829347729682922,
2025-06-12 14:57:15,2,51,0.00814181100577116,
2025-06-12 14:57:16,2,52,0.005509211681783199,
2025-06-12 14:57:17,2,53,0.006493210792541504,
2025-06-12 14:57:18,2,54,0.0062621403485536575,
2025-06-12 14:57:19,2,55,0.008365217596292496,
2025-06-12 14:57:20,2,56,0.012542543932795525,
2025-06-12 14:57:20,2,57,0.03440939635038376,
2025-06-12 14:57:21,2,58,0.009465830400586128,
2025-06-12 14:57:22,2,59,0.005118312314152718,
2025-06-12 14:57:23,2,60,0.01354741957038641,
2025-06-12 14:57:24,2,61,0.006260975729674101,
2025-06-12 14:57:25,2,62,0.0070849135518074036,
2025-06-12 14:57:26,2,63,0.005647664424031973,
2025-06-12 14:57:27,2,64,0.0026089034508913755,
2025-06-12 14:57:28,2,65,0.04056160897016525,
2025-06-12 14:57:29,2,66,0.019532769918441772,
2025-06-12 14:57:29,2,67,0.003633602522313595,
2025-06-12 14:57:30,2,68,0.002037270925939083,
2025-06-12 14:57:31,2,69,0.0017522353446111083,
2025-06-12 14:57:32,2,70,0.005851136054843664,
2025-06-12 14:57:33,2,71,0.020071007311344147,
2025-06-12 14:57:34,2,72,0.010139294900000095,
2025-06-12 14:57:35,2,73,0.0029020493384450674,
2025-06-12 14:57:36,2,74,0.003091637045145035,
2025-06-12 14:57:37,2,75,0.0027150106616318226,
2025-06-12 14:57:37,2,76,0.02473815344274044,
2025-06-12 14:57:38,2,77,0.010919399559497833,
2025-06-12 14:57:39,2,78,0.005936671048402786,
2025-06-12 14:57:40,2,79,0.0033983802422881126,
2025-06-12 14:57:41,2,80,0.009537889622151852,
2025-06-12 14:57:42,2,81,0.013940105214715004,
2025-06-12 14:57:43,2,82,0.021614564582705498,
2025-06-12 14:57:44,2,83,0.009987281635403633,
2025-06-12 14:57:45,2,84,0.0034346855245530605,
2025-06-12 14:57:46,2,85,0.006235900800675154,
2025-06-12 14:57:47,2,86,0.011793714016675949,
2025-06-12 14:57:47,2,87,0.01209152303636074,
2025-06-12 14:57:48,2,88,0.008743205107748508,
2025-06-12 14:57:49,2,89,0.017132839187979698,
2025-06-12 14:57:50,2,90,0.004905125126242638,
2025-06-12 14:57:51,2,91,0.0187176875770092,
2025-06-12 14:57:52,2,92,0.0257769376039505,
2025-06-12 14:57:53,2,93,0.0053613632917404175,
2025-06-12 14:57:53,2,94,0.0028622113168239594,
2025-06-12 14:57:54,2,95,0.0047328053042292595,
2025-06-12 14:57:55,2,96,0.00880037248134613,
2025-06-12 14:57:56,2,97,0.0545998215675354,
2025-06-12 14:57:57,2,98,0.03181586042046547,
2025-06-12 14:57:58,2,99,0.001579464296810329,
2025-06-12 14:57:59,2,100,0.003116421401500702,
2025-06-12 14:57:59,2,101,0.0016764936735853553,
2025-06-12 14:58:00,2,102,0.0028196489438414574,
2025-06-12 14:58:01,2,103,0.017834234982728958,
2025-06-12 14:58:02,2,104,0.00827537290751934,
2025-06-12 14:58:03,2,105,0.003536876989528537,
2025-06-12 14:58:04,2,106,0.0040205009281635284,
2025-06-12 14:58:04,2,107,0.008036874234676361,
2025-06-12 14:58:05,2,108,0.014809607528150082,
2025-06-12 14:58:06,2,109,0.017970845103263855,
2025-06-12 14:58:07,2,110,0.011967448517680168,
2025-06-12 14:58:08,2,111,0.0104915676638484,
2025-06-12 14:58:09,2,112,0.01730044186115265,
2025-06-12 14:58:10,2,113,0.023651346564292908,
2025-06-12 14:58:10,2,114,0.011006616055965424,
2025-06-12 14:58:11,2,115,0.003969697747379541,
2025-06-12 14:58:12,2,116,0.005279481410980225,
2025-06-12 14:58:13,2,117,0.03234478831291199,
2025-06-12 14:58:14,2,118,0.02803085558116436,
2025-06-12 14:58:15,2,119,0.008601883426308632,
2025-06-12 14:58:15,2,120,0.005093235056847334,
2025-06-12 14:58:16,2,121,0.010558555833995342,
2025-06-12 14:58:17,2,122,0.006048600189387798,
2025-06-12 14:58:18,2,123,0.017470309510827065,
2025-06-12 14:58:19,2,124,0.008580954745411873,
2025-06-12 14:58:20,2,125,0.016675535589456558,
2025-06-12 14:58:21,2,126,0.006230827420949936,
2025-06-12 14:58:21,2,127,0.004135682713240385,
2025-06-12 14:58:22,2,128,0.014752015471458435,
2025-06-12 14:58:23,2,129,0.013194954954087734,
2025-06-12 14:58:24,2,130,0.0024077254347503185,
2025-06-12 14:58:25,2,131,0.006198793649673462,
2025-06-12 14:58:26,2,132,0.008259302005171776,
2025-06-12 14:58:26,2,133,0.0051175751723349094,
2025-06-12 14:58:27,2,134,0.014169103465974331,
2025-06-12 14:58:28,2,135,0.009080354124307632,
2025-06-12 14:58:29,2,136,0.01053774356842041,
2025-06-12 14:58:30,2,137,0.011313686147332191,
2025-06-12 14:58:31,2,138,0.011719781905412674,
2025-06-12 14:58:32,2,139,0.02097208797931671,
2025-06-12 14:58:32,2,140,0.00797135941684246,
2025-06-12 14:58:33,2,141,0.0023176062386482954,
2025-06-12 14:58:34,2,142,0.0038688690401613712,
2025-06-12 14:58:35,2,143,0.0020635337568819523,
2025-06-12 14:58:36,2,144,0.021426228806376457,
2025-06-12 14:58:37,2,145,0.05124170705676079,
2025-06-12 14:58:37,2,146,0.01616978831589222,
2025-06-12 14:58:38,2,147,0.005913569591939449,
2025-06-12 14:58:39,2,148,0.005696813575923443,
2025-06-12 14:58:40,2,149,0.021860558539628983,
2025-06-12 14:58:41,2,150,0.03487663343548775,
2025-06-12 14:58:42,2,151,0.004994205664843321,
2025-06-12 14:58:42,2,152,0.002273349557071924,
2025-06-12 14:58:43,2,153,0.007930750027298927,
2025-06-12 14:58:44,2,154,0.015587741509079933,
2025-06-12 14:58:45,2,155,0.018294870853424072,
2025-06-12 14:58:46,2,156,0.004139633849263191,
2025-06-12 14:58:47,2,157,0.0028380430303514004,
2025-06-12 14:58:48,2,158,0.004512797109782696,
2025-06-12 14:58:48,2,159,0.010877620428800583,
2025-06-12 14:58:49,2,160,0.012069842778146267,
2025-06-12 14:58:50,2,161,0.004841509275138378,
2025-06-12 14:58:51,2,162,0.01399946492165327,
2025-06-12 14:58:52,2,163,0.00484151765704155,
2025-06-12 14:58:53,2,164,0.006237405352294445,
2025-06-12 14:58:53,2,165,0.007482612505555153,
2025-06-12 14:58:54,2,166,0.007572512608021498,
2025-06-12 14:58:55,2,167,0.00738802133128047,
2025-06-12 14:58:56,2,168,0.0027310382574796677,
2025-06-12 14:58:57,2,169,0.0023830230347812176,
2025-06-12 14:58:58,2,170,0.0022086375392973423,
2025-06-12 14:58:59,2,171,0.004319339524954557,
2025-06-12 14:58:59,2,172,0.005342395510524511,
2025-06-12 14:59:00,2,173,0.009453261271119118,
2025-06-12 14:59:01,2,174,0.009711278602480888,
2025-06-12 14:59:02,2,175,0.007463700138032436,
2025-06-12 14:59:03,2,176,0.006287361960858107,
2025-06-12 14:59:04,2,177,0.0028850052040070295,
2025-06-12 14:59:04,2,178,0.002096625044941902,
2025-06-12 14:59:05,2,179,0.0012290491722524166,
2025-06-12 14:59:06,2,180,0.006595257204025984,
2025-06-12 14:59:07,2,181,0.0018763941479846835,
2025-06-12 14:59:08,2,182,0.019449932500720024,
2025-06-12 14:59:09,2,183,0.006669563241302967,
2025-06-12 14:59:10,2,184,0.006961507257074118,
2025-06-12 14:59:10,2,185,0.005437407176941633,
2025-06-12 14:59:11,2,186,0.0033819875679910183,
2025-06-12 14:59:12,2,187,0.004529775120317936,
2025-06-12 14:59:13,2,188,0.003363952971994877,
2025-06-12 14:59:14,2,189,0.0015242401277646422,
2025-06-12 14:59:15,2,190,0.00669643422588706,
2025-06-12 14:59:15,2,191,0.005321019794791937,
2025-06-12 14:59:16,2,192,0.00827176682651043,
2025-06-12 14:59:17,2,193,0.011836058460175991,
2025-06-12 14:59:18,2,194,0.005324217490851879,
2025-06-12 14:59:19,2,195,0.00933770090341568,
2025-06-12 14:59:20,2,196,0.010788503102958202,
2025-06-12 14:59:21,2,197,0.010681132785975933,
2025-06-12 14:59:21,2,198,0.006167706102132797,
2025-06-12 14:59:22,2,199,0.004985600709915161,
2025-06-12 14:59:23,2,200,0.0041184742003679276,
2025-06-12 14:59:24,2,201,0.005700642243027687,
2025-06-12 14:59:25,2,202,0.016469893977046013,
2025-06-12 14:59:26,2,203,0.0022915874142199755,
2025-06-12 14:59:26,2,204,0.005056446418166161,
2025-06-12 14:59:27,2,205,0.0041602905839681625,
2025-06-12 14:59:28,2,206,0.014103863388299942,
2025-06-12 14:59:29,2,207,0.0035484367981553078,
2025-06-12 14:59:30,2,208,0.0009798778919503093,
2025-06-12 14:59:31,2,209,0.002438030205667019,
2025-06-12 14:59:32,2,210,0.002004859037697315,
2025-06-12 14:59:32,2,211,0.0033965620677918196,
2025-06-12 14:59:33,2,212,0.0015721493400633335,
2025-06-12 14:59:34,2,213,0.002066443208605051,
2025-06-12 14:59:35,2,214,0.006020108237862587,
2025-06-12 14:59:36,2,215,0.0006815859815105796,
2025-06-12 14:59:37,2,216,0.0025338861159980297,
2025-06-12 14:59:37,2,217,0.0011811918811872602,
2025-06-12 14:59:38,2,218,0.0009694648906588554,
2025-06-12 14:59:39,2,219,0.0012398756807669997,
2025-06-12 14:59:40,2,220,0.0005314065492711961,
2025-06-12 14:59:41,2,221,0.0006172135472297668,
2025-06-12 14:59:42,2,222,0.0012856082757934928,
2025-06-12 14:59:43,2,223,0.0025233314372599125,
2025-06-12 14:59:43,2,224,0.0008136173710227013,
2025-06-12 14:59:44,2,225,0.0021708752028644085,
2025-06-12 14:59:45,2,226,0.011909052729606628,
2025-06-12 14:59:46,2,227,0.003357033710926771,
2025-06-12 14:59:47,2,228,0.0015595679869875312,
2025-06-12 14:59:48,2,229,0.0008091532508842647,
2025-06-12 14:59:49,2,230,0.0013185066636651754,
2025-06-12 14:59:49,2,231,0.0009424748714081943,
2025-06-12 14:59:50,2,232,0.0013243171852082014,
2025-06-12 14:59:51,2,233,0.0020769175607711077,
2025-06-12 14:59:52,2,234,0.00083101203199476,
2025-06-12 14:59:53,2,235,0.0003529243404045701,
2025-06-12 14:59:54,2,236,0.0002562785230111331,
2025-06-12 14:59:55,2,237,0.00022754783276468515,
2025-06-12 14:59:55,2,238,0.00030326636624522507,
2025-06-12 14:59:56,2,239,0.001829042797908187,
2025-06-12 14:59:57,2,240,0.0005617671413347125,
2025-06-12 14:59:58,2,241,0.0002768510312307626,
2025-06-12 14:59:59,2,242,0.00023254634288605303,
2025-06-12 15:00:00,2,243,0.0004053092561662197,
2025-06-12 15:00:00,2,244,0.00027186726219952106,
2025-06-12 15:00:01,2,245,0.00036082122824154794,
2025-06-12 15:00:02,2,246,0.00029092677868902683,
2025-06-12 15:00:03,2,247,0.00023717879957985133,
2025-06-12 15:00:04,2,248,0.0002699230972211808,
2025-06-12 15:00:05,2,249,0.0005236954893916845,
2025-06-12 15:00:06,2,250,0.0004205193545203656,
2025-06-12 15:00:06,2,251,0.00018148866365663707,
2025-06-12 15:00:07,2,252,0.00014138169353827834,
2025-06-12 15:00:08,2,253,0.0029887892305850983,
2025-06-12 15:00:09,2,254,0.0011299183825030923,
2025-06-12 15:00:10,2,255,0.0005482068518176675,
2025-06-12 15:00:11,2,256,0.0004890786949545145,
2025-06-12 15:00:11,2,257,0.0005391613813117146,
2025-06-12 15:00:12,2,258,0.00016674007929395884,
2025-06-12 15:00:13,2,259,0.0005247407825663686,
2025-06-12 15:00:14,2,260,0.0004919191123917699,
2025-06-12 15:00:15,2,261,0.00041825365042313933,
2025-06-12 15:00:16,2,262,0.0005454744677990675,
2025-06-12 15:00:17,2,263,0.0010208046296611428,
2025-06-12 15:00:17,2,264,0.0006286066491156816,
2025-06-12 15:00:18,2,265,0.0006499632145278156,
2025-06-12 15:00:19,2,266,0.0018458155682310462,
2025-06-12 15:00:20,2,267,0.00023296507424674928,
2025-06-12 15:00:21,2,268,0.0003524893836583942,
2025-06-12 15:00:22,2,269,0.00035584819852374494,
2025-06-12 15:00:22,2,270,0.0006246138364076614,
2025-06-12 15:00:23,2,271,0.0014743534848093987,
2025-06-12 15:00:24,2,272,0.0020066825672984123,
2025-06-12 15:00:25,2,273,0.0028190831653773785,
2025-06-12 15:00:26,2,274,0.00119123887270689,
2025-06-12 15:00:27,2,275,0.0007775923004373908,
2025-06-12 15:00:27,2,276,0.0016040720511227846,
2025-06-12 15:00:28,2,277,0.003072218969464302,
2025-06-12 15:00:29,2,278,0.002751236315816641,
2025-06-12 15:00:30,2,279,0.0008411062881350517,
2025-06-12 15:00:31,2,280,0.0012885290198028088,
2025-06-12 15:00:32,2,281,0.0010735453106462955,
2025-06-12 15:00:32,2,282,0.002259340137243271,
2025-06-12 15:00:33,2,283,0.001418273663148284,
2025-06-12 15:00:34,2,284,0.001940784975886345,
2025-06-12 15:00:35,2,285,0.0014739292673766613,
2025-06-12 15:00:36,2,286,0.00123939523473382,
2025-06-12 15:00:37,2,287,0.0042918091639876366,
2025-06-12 15:00:38,2,288,0.0010994939366355538,
2025-06-12 15:00:38,2,289,0.003413408063352108,
2025-06-12 15:00:39,2,290,0.0030487198382616043,
2025-06-12 15:00:40,2,291,0.007611498236656189,
2025-06-12 15:00:41,2,292,0.012345298193395138,
2025-06-12 15:00:42,2,293,0.004471862688660622,
2025-06-12 15:00:43,2,294,0.0011245798086747527,
2025-06-12 15:00:44,2,295,0.0019098710035905242,
2025-06-12 15:00:44,2,296,0.0029876918997615576,
2025-06-12 15:00:45,2,297,0.003533837152644992,
2025-06-12 15:00:46,2,298,0.008576720952987671,
2025-06-12 15:00:47,2,299,0.013279108330607414,
2025-06-12 15:00:48,2,300,0.001483006402850151,
2025-06-12 15:00:49,2,301,0.009264633059501648,
2025-06-12 15:00:49,2,302,0.004139080177992582,
2025-06-12 15:00:50,2,303,0.0056855580769479275,
2025-06-12 15:00:51,2,304,0.0021165155339986086,
2025-06-12 15:00:52,2,305,0.0023464499972760677,
2025-06-12 15:00:53,2,306,0.001799583900719881,
2025-06-12 15:00:54,2,307,0.01351463794708252,
2025-06-12 15:00:55,2,308,0.0049486118368804455,
2025-06-12 15:00:55,2,309,0.0023354273289442062,
2025-06-12 15:00:56,2,310,0.012902959249913692,
2025-06-12 15:00:57,2,311,0.0013272756477817893,
2025-06-12 15:00:58,2,312,0.023430410772562027,
2025-06-12 15:00:59,2,313,0.010636898688971996,
2025-06-12 15:01:00,2,314,0.002275340724736452,
2025-06-12 15:01:01,2,315,0.004528846126049757,
2025-06-12 15:01:01,2,316,0.004542385693639517,
2025-06-12 15:01:02,2,317,0.00876060500741005,
2025-06-12 15:01:03,2,318,0.009655391797423363,
2025-06-12 15:01:04,2,319,0.02172115445137024,
2025-06-12 15:01:05,2,320,0.0071128979325294495,
2025-06-12 15:01:06,2,321,0.0070635052397847176,
2025-06-12 15:01:06,2,322,0.013276485726237297,
2025-06-12 15:01:07,2,323,0.01448734663426876,
2025-06-12 15:01:08,2,324,0.022871315479278564,
2025-06-12 15:01:09,2,325,0.0030022352002561092,
2025-06-12 15:01:10,2,326,0.003204816486686468,
2025-06-12 15:01:11,2,327,0.00901891104876995,
2025-06-12 15:01:12,2,328,0.01427418552339077,
2025-06-12 15:01:12,2,329,0.010913258418440819,
2025-06-12 15:01:13,2,330,0.01777753233909607,
2025-06-12 15:01:14,2,331,0.01754068396985531,
2025-06-12 15:01:15,2,332,0.010569175705313683,
2025-06-12 15:01:16,2,333,0.025328097864985466,
2025-06-12 15:01:17,2,334,0.025349725037813187,
2025-06-12 15:01:17,2,335,0.008874833583831787,
2025-06-12 15:01:18,2,336,0.013790078461170197,
2025-06-12 15:01:19,2,337,0.015304870903491974,
2025-06-12 15:01:20,2,338,0.04526801034808159,
2025-06-12 15:01:21,2,339,0.015827910974621773,
2025-06-12 15:01:22,2,340,0.030725736171007156,
2025-06-12 15:01:23,2,341,0.04384167119860649,
2025-06-12 15:01:23,2,342,0.005574923008680344,
2025-06-12 15:01:24,2,343,0.03683337941765785,
2025-06-12 15:01:25,2,344,0.01870841346681118,
2025-06-12 15:01:26,2,345,0.012139441445469856,
2025-06-12 15:01:27,2,346,0.004838778171688318,
2025-06-12 15:01:28,2,347,0.006596226245164871,
2025-06-12 15:01:28,2,348,0.01305866427719593,
2025-06-12 15:01:29,2,349,0.01703610084950924,
2025-06-12 15:01:30,2,350,0.014456672593951225,
2025-06-12 15:01:31,2,351,0.009997928515076637,
2025-06-12 15:01:32,2,352,0.00833496917039156,
2025-06-12 15:01:33,2,353,0.007825461216270924,
2025-06-12 15:01:34,2,354,0.02103855088353157,
2025-06-12 15:01:34,2,355,0.021111488342285156,
2025-06-12 15:01:35,2,356,0.005627162754535675,
2025-06-12 15:01:36,2,357,0.006281774025410414,
2025-06-12 15:01:37,2,358,0.011712061241269112,
2025-06-12 15:01:38,2,359,0.01103457622230053,
2025-06-12 15:01:39,2,360,0.020440522581338882,
2025-06-12 15:01:39,2,361,0.011593405157327652,
2025-06-12 15:01:40,2,362,0.0030689737759530544,
2025-06-12 15:01:41,2,363,0.009019412100315094,
2025-06-12 15:01:42,2,364,0.008471036329865456,
2025-06-12 15:01:43,2,365,0.02707020565867424,
2025-06-12 15:01:44,2,366,0.007496168836951256,
2025-06-12 15:01:45,2,367,0.001482929103076458,
2025-06-12 15:01:45,2,368,0.002994852140545845,
2025-06-12 15:01:46,2,369,0.008725104853510857,
2025-06-12 15:01:47,2,370,0.016755033284425735,
2025-06-12 15:01:48,2,371,0.009536917321383953,
2025-06-12 15:01:49,2,372,0.00542681198567152,
2025-06-12 15:01:50,2,373,0.004577371757477522,
2025-06-12 15:01:51,2,374,0.01052832044661045,
2025-06-12 15:01:51,2,375,0.013369439169764519,
2025-06-12 15:01:52,2,376,0.004123253282159567,
2025-06-12 15:01:53,2,377,0.0028151641599833965,
2025-06-12 15:01:54,2,378,0.00801590085029602,
2025-06-12 15:01:55,2,379,0.06734465062618256,
2025-06-12 15:01:56,2,380,0.006052125245332718,
2025-06-12 15:01:57,2,381,0.005501391366124153,
2025-06-12 15:01:57,2,382,0.021949952468276024,
2025-06-12 15:01:58,2,383,0.007504753302782774,
2025-06-12 15:01:59,2,384,0.003629986196756363,
2025-06-12 15:02:00,2,385,0.011105931363999844,
2025-06-12 15:02:01,2,386,0.00803736038506031,
2025-06-12 15:02:02,2,387,0.01864388957619667,
2025-06-12 15:02:02,2,388,0.004681399092078209,
2025-06-12 15:02:03,2,389,0.008929433301091194,
2025-06-12 15:02:04,2,390,0.01062074676156044,
2025-06-12 15:02:05,2,391,0.01697278767824173,
2025-06-12 15:02:06,2,392,0.005849889479577541,
2025-06-12 15:02:07,2,393,0.004171622451394796,
2025-06-12 15:02:08,2,394,0.004177754744887352,
2025-06-12 15:02:08,2,395,0.005901318043470383,
2025-06-12 15:02:09,2,396,0.028978072106838226,
2025-06-12 15:02:10,2,397,0.02215493842959404,
2025-06-12 15:02:11,2,398,0.0064400057308375835,
2025-06-12 15:02:12,2,399,0.0022325552999973297,
2025-06-12 15:02:13,2,400,0.002885350724682212,
2025-06-12 15:02:13,2,401,0.007833714596927166,
2025-06-12 15:02:14,2,402,0.01227132510393858,
2025-06-12 15:02:15,2,403,0.005076156463474035,
2025-06-12 15:02:16,2,404,0.005969004239886999,
2025-06-12 15:02:17,2,405,0.007248064037412405,
2025-06-12 15:02:18,2,406,0.00613111536949873,
2025-06-12 15:02:19,2,407,0.008797393180429935,
2025-06-12 15:02:19,2,408,0.005512750707566738,
2025-06-12 15:02:20,2,409,0.003090348793193698,
2025-06-12 15:02:21,2,410,0.005523069761693478,
2025-06-12 15:02:22,2,411,0.008586522191762924,
2025-06-12 15:02:23,2,412,0.013736250810325146,
2025-06-12 15:02:24,2,413,0.01352043729275465,
2025-06-12 15:02:24,2,414,0.004185789730399847,
2025-06-12 15:02:25,2,415,0.011351156048476696,
2025-06-12 15:02:26,2,416,0.011308208107948303,
2025-06-12 15:02:27,2,417,0.02727026492357254,
2025-06-12 15:02:28,2,418,0.014970559626817703,
2025-06-12 15:02:29,2,419,0.0019196609500795603,
2025-06-12 15:02:30,2,420,0.003730922704562545,
2025-06-12 15:02:30,2,421,0.005713512655347586,
2025-06-12 15:02:31,2,422,0.00789931695908308,
2025-06-12 15:02:32,2,423,0.008861888200044632,
2025-06-12 15:02:33,2,424,0.006609291769564152,
2025-06-12 15:02:34,2,425,0.005854775197803974,
2025-06-12 15:02:35,2,426,0.0015014929231256247,
2025-06-12 15:02:35,2,427,0.009402615949511528,
2025-06-12 15:02:36,2,428,0.011781393550336361,
2025-06-12 15:02:37,2,429,0.013219047337770462,
2025-06-12 15:02:38,2,430,0.0017314516007900238,
2025-06-12 15:02:39,2,431,0.001885993406176567,
2025-06-12 15:02:40,2,432,0.011149718426167965,
2025-06-12 15:02:41,2,433,0.028380244970321655,
2025-06-12 15:02:41,2,434,0.011174425482749939,
2025-06-12 15:02:42,2,435,0.001127749215811491,
2025-06-12 15:02:43,2,436,0.004462592303752899,
2025-06-12 15:02:44,2,437,0.005601884331554174,
2025-06-12 15:02:45,2,438,0.03160030394792557,
2025-06-12 15:02:46,2,439,0.01895354874432087,
2025-06-12 15:02:46,2,440,0.006767570972442627,
2025-06-12 15:02:47,2,441,0.003834916278719902,
2025-06-12 15:02:48,2,442,0.006316288374364376,
2025-06-12 15:02:49,2,443,0.013188743963837624,
2025-06-12 15:02:50,2,444,0.0170966275036335,
2025-06-12 15:02:51,2,445,0.00485643558204174,
2025-06-12 15:02:52,2,446,0.002126834588125348,
2025-06-12 15:02:52,2,447,0.0113199632614851,
2025-06-12 15:02:53,2,448,0.011833004653453827,
2025-06-12 15:02:54,2,449,0.006879085209220648,
2025-06-12 15:02:55,2,450,0.010904211550951004,
2025-06-12 15:02:56,2,451,0.003658184316009283,
2025-06-12 15:02:57,2,452,0.0031922634225338697,
2025-06-12 15:02:57,2,453,0.013201027177274227,
2025-06-12 15:02:58,2,454,0.005814085714519024,
2025-06-12 15:02:59,2,455,0.018210632726550102,
2025-06-12 15:03:00,2,456,0.006978676654398441,
2025-06-12 15:03:01,2,457,0.006280181463807821,
2025-06-12 15:03:02,2,458,0.002480489667505026,
2025-06-12 15:03:03,2,459,0.0062163472175598145,
2025-06-12 15:03:03,2,460,0.003690168261528015,
2025-06-12 15:03:04,2,461,0.02695693075656891,
2025-06-12 15:03:05,2,462,0.0035620443522930145,
2025-06-12 15:03:06,2,463,0.004345678724348545,
2025-06-12 15:03:07,2,464,0.01030790340155363,
2025-06-12 15:03:08,2,465,0.006364099681377411,
2025-06-12 15:03:08,2,466,0.00777419051155448,
2025-06-12 15:03:09,2,467,0.006560449954122305,
2025-06-12 15:03:10,2,468,0.009436441585421562,
2025-06-12 15:03:11,2,469,0.00824777316302061,
2025-06-12 15:03:12,2,470,0.008313752710819244,
2025-06-12 15:03:13,2,471,0.004370575770735741,
2025-06-12 15:03:14,2,472,0.003171762218698859,
2025-06-12 15:03:14,2,473,0.005972831975668669,
2025-06-12 15:03:15,2,474,0.006355110555887222,
2025-06-12 15:03:16,2,475,0.00333966757170856,
2025-06-12 15:03:17,2,476,0.003575653536245227,
2025-06-12 15:03:18,2,477,0.0028706523589789867,
2025-06-12 15:03:19,2,478,0.0021125662606209517,
2025-06-12 15:03:19,2,479,0.0010608623269945383,
2025-06-12 15:03:20,2,480,0.00029188988264650106,
2025-06-12 15:03:21,2,481,0.0023314421996474266,
2025-06-12 15:03:22,2,482,0.0016361726447939873,
2025-06-12 15:03:23,2,483,0.002262909896671772,
2025-06-12 15:03:24,2,484,0.0014971572672948241,
2025-06-12 15:03:25,2,485,0.009669555351138115,
2025-06-12 15:03:25,2,486,0.003454656107351184,
2025-06-12 15:03:26,2,487,0.0016551718581467867,
2025-06-12 15:03:27,2,488,0.0011255540885031223,
2025-06-12 15:03:28,2,489,0.0017124952282756567,
2025-06-12 15:03:29,2,490,0.0027290130965411663,
2025-06-12 15:03:30,2,491,0.0010135290212929249,
2025-06-12 15:03:30,2,492,0.0007126308046281338,
2025-06-12 15:03:31,2,493,0.0007434905273839831,
2025-06-12 15:03:32,2,494,0.0009730869205668569,
2025-06-12 15:03:33,2,495,0.0011748743709176779,
2025-06-12 15:03:34,2,496,0.0006778255919925869,
2025-06-12 15:03:35,2,497,0.0010629993630573153,
2025-06-12 15:03:36,2,498,0.0033708426635712385,
2025-06-12 15:03:36,2,499,0.007279484532773495,
2025-06-12 15:03:37,2,500,0.001194232259877026,
2025-06-12 15:03:38,2,501,0.000564651214517653,
2025-06-12 15:03:39,2,502,0.0009960136376321316,
2025-06-12 15:03:40,2,503,0.0003873826935887337,
2025-06-12 15:03:41,2,504,0.00029922870453447104,
2025-06-12 15:03:41,2,505,0.008408067747950554,
2025-06-12 15:03:42,2,506,0.002197692869231105,
2025-06-12 15:03:43,2,507,0.0006805127486586571,
2025-06-12 15:03:44,2,508,0.0014018475776538253,
2025-06-12 15:03:45,2,509,0.0008896984509192407,
2025-06-12 15:03:46,2,510,0.00034469173988327384,
2025-06-12 15:03:47,2,511,0.0008933920180425048,
2025-06-12 15:03:47,2,512,0.0004895858000963926,
2025-06-12 15:03:48,2,513,0.0003364242147654295,
2025-06-12 15:03:49,2,514,0.0002501072594895959,
2025-06-12 15:03:50,2,515,0.00019295371021144092,
2025-06-12 15:03:51,2,516,0.00045424382551573217,
2025-06-12 15:03:52,2,517,0.0004641216655727476,
2025-06-12 15:03:52,2,518,0.0003794484946411103,
2025-06-12 15:03:53,2,519,0.00016651306941639632,
2025-06-12 15:03:54,2,520,0.00016599040827713907,
2025-06-12 15:03:55,2,521,0.0002732790308073163,
2025-06-12 15:03:56,2,522,0.0004116223135497421,
2025-06-12 15:03:57,2,523,0.001055689062923193,
2025-06-12 15:03:58,2,524,0.0005205419147387147,
2025-06-12 15:03:58,2,525,0.0001608192251296714,
2025-06-12 15:03:59,2,526,0.0002757636539172381,
2025-06-12 15:04:00,2,527,0.0003767806920222938,
2025-06-12 15:04:01,2,528,0.0004259716661181301,
2025-06-12 15:04:02,2,529,0.00026700051967054605,
2025-06-12 15:04:03,2,530,0.00012647555558942258,
2025-06-12 15:04:03,2,531,0.00017441876116208732,
2025-06-12 15:04:04,2,532,0.00038397754542529583,
2025-06-12 15:04:05,2,533,0.0003446350456215441,
2025-06-12 15:04:06,2,534,0.0006487385253421962,
2025-06-12 15:04:07,2,535,0.00020901164680253714,
2025-06-12 15:04:08,2,536,0.0023436674382537603,
2025-06-12 15:04:08,2,537,0.0007184711284935474,
2025-06-12 15:04:09,2,538,0.00044591270852833986,
2025-06-12 15:04:10,2,539,0.0008554597734473646,
2025-06-12 15:04:11,2,540,0.00029281791648827493,
2025-06-12 15:04:12,2,541,0.0009908076608553529,
2025-06-12 15:04:13,2,542,0.0007693551015108824,
2025-06-12 15:04:14,2,543,0.0005858977092429996,
2025-06-12 15:04:14,2,544,0.0015655998140573502,
2025-06-12 15:04:15,2,545,0.0007584560662508011,
2025-06-12 15:04:16,2,546,0.0006893194513395429,
2025-06-12 15:04:17,2,547,0.0014103566063567996,
2025-06-12 15:04:18,2,548,0.0012492896057665348,
2025-06-12 15:04:19,2,549,0.0007280861027538776,
2025-06-12 15:04:20,2,550,0.0017290909308940172,
2025-06-12 15:04:20,2,551,0.002777205780148506,
2025-06-12 15:04:21,2,552,0.005801979452371597,
2025-06-12 15:04:22,2,553,0.0016947559779509902,
2025-06-12 15:04:23,2,554,0.000796786043792963,
2025-06-12 15:04:24,2,555,0.003734602127224207,
2025-06-12 15:04:25,2,556,0.0023816321045160294,
2025-06-12 15:04:25,2,557,0.0016127348644658923,
2025-06-12 15:04:26,2,558,0.0035800128243863583,
2025-06-12 15:04:27,2,559,0.0018230185378342867,
2025-06-12 15:04:28,2,560,0.007850058376789093,
2025-06-12 15:04:29,2,561,0.0013775054831057787,
2025-06-12 15:04:30,2,562,0.0016180174425244331,
2025-06-12 15:04:31,2,563,0.00183164793998003,
2025-06-12 15:04:31,2,564,0.005869859363883734,
2025-06-12 15:04:32,2,565,0.010340570472180843,
2025-06-12 15:04:33,2,566,0.0046309661120176315,
2025-06-12 15:04:34,2,567,0.0036157749127596617,
2025-06-12 15:04:35,2,568,0.004243460949510336,
2025-06-12 15:04:36,2,569,0.003879987634718418,
2025-06-12 15:04:36,2,570,0.002962555270642042,
2025-06-12 15:04:37,2,571,0.006229264196008444,
2025-06-12 15:04:38,2,572,0.001437871134839952,
2025-06-12 15:04:39,2,573,0.008985871449112892,
2025-06-12 15:04:40,2,574,0.009216303937137127,
2025-06-12 15:04:41,2,575,0.0029423157684504986,
2025-06-12 15:04:41,2,576,0.008351758122444153,
2025-06-12 15:04:42,2,577,0.010151509195566177,
2025-06-12 15:04:43,2,578,0.0062526194378733635,
2025-06-12 15:04:44,2,579,0.0042708637192845345,
2025-06-12 15:04:45,2,580,0.003004025435075164,
2025-06-12 15:04:46,2,581,0.008183924481272697,
2025-06-12 15:04:47,2,582,0.005608217790722847,
2025-06-12 15:04:47,2,583,0.00391969783231616,
2025-06-12 15:04:48,2,584,0.0039205122739076614,
2025-06-12 15:04:49,2,585,0.006444669794291258,
2025-06-12 15:04:50,2,586,0.008801928721368313,
2025-06-12 15:04:51,2,587,0.0033413877245038748,
2025-06-12 15:04:52,2,588,0.0018809627508744597,
2025-06-12 15:04:53,2,589,0.003056202782317996,
2025-06-12 15:04:53,2,590,0.02150791510939598,
2025-06-12 15:04:54,2,591,0.01936674676835537,
2025-06-12 15:04:55,2,592,0.010180041193962097,
2025-06-12 15:04:56,2,593,0.0027150320820510387,
2025-06-12 15:04:57,2,594,0.0032439492642879486,
2025-06-12 15:04:57,2,595,0.003764078253880143,
2025-06-12 15:05:32,2,avg,0.007258989767243835,0.013775174841143642
2025-06-12 15:05:33,3,1,0.006160964723676443,
2025-06-12 15:05:34,3,2,0.009883232414722443,
2025-06-12 15:05:35,3,3,0.004885210655629635,
2025-06-12 15:05:36,3,4,0.005209700670093298,
2025-06-12 15:05:36,3,5,0.0014549845363944769,
2025-06-12 15:05:37,3,6,0.0017661117017269135,
2025-06-12 15:05:38,3,7,0.0007617850787937641,
2025-06-12 15:05:39,3,8,0.0012324306881055236,
2025-06-12 15:05:40,3,9,0.003384385257959366,
2025-06-12 15:05:41,3,10,0.008412303403019905,
2025-06-12 15:05:42,3,11,0.008540559560060501,
2025-06-12 15:05:42,3,12,0.005064712837338448,
2025-06-12 15:05:43,3,13,0.0038968760054558516,
2025-06-12 15:05:44,3,14,0.0058825514279305935,
2025-06-12 15:05:45,3,15,0.0022306470200419426,
2025-06-12 15:05:46,3,16,0.004916631616652012,
2025-06-12 15:05:47,3,17,0.006417569704353809,
2025-06-12 15:05:47,3,18,0.009954225271940231,
2025-06-12 15:05:48,3,19,0.005642320495098829,
2025-06-12 15:05:49,3,20,0.00370907224714756,
2025-06-12 15:05:50,3,21,0.0017190277576446533,
2025-06-12 15:05:51,3,22,0.002373083960264921,
2025-06-12 15:05:52,3,23,0.005859016440808773,
2025-06-12 15:05:53,3,24,0.004014116711914539,
2025-06-12 15:05:53,3,25,0.005520738661289215,
2025-06-12 15:05:54,3,26,0.0013076025061309338,
2025-06-12 15:05:55,3,27,0.0011856851633638144,
2025-06-12 15:05:56,3,28,0.002740251598879695,
2025-06-12 15:05:57,3,29,0.02800627052783966,
2025-06-12 15:05:58,3,30,0.008073488250374794,
2025-06-12 15:05:58,3,31,0.0027381200343370438,
2025-06-12 15:05:59,3,32,0.00773167610168457,
2025-06-12 15:06:00,3,33,0.006151930894702673,
2025-06-12 15:06:01,3,34,0.019356485456228256,
2025-06-12 15:06:02,3,35,0.011057006195187569,
2025-06-12 15:06:03,3,36,0.0017979622352868319,
2025-06-12 15:06:04,3,37,0.004193229600787163,
2025-06-12 15:06:04,3,38,0.005236170254647732,
2025-06-12 15:06:05,3,39,0.011255737394094467,
2025-06-12 15:06:06,3,40,0.009469229727983475,
2025-06-12 15:06:07,3,41,0.0035059265792369843,
2025-06-12 15:06:08,3,42,0.004685904365032911,
2025-06-12 15:06:09,3,43,0.0018768941517919302,
2025-06-12 15:06:09,3,44,0.00820685364305973,
2025-06-12 15:06:10,3,45,0.009461398236453533,
2025-06-12 15:06:11,3,46,0.007412782870233059,
2025-06-12 15:06:12,3,47,0.0036747397389262915,
2025-06-12 15:06:13,3,48,0.07093753665685654,
2025-06-12 15:06:14,3,49,0.007526030298322439,
2025-06-12 15:06:15,3,50,0.019052447751164436,
2025-06-12 15:06:15,3,51,0.007956603541970253,
2025-06-12 15:06:16,3,52,0.005027319770306349,
2025-06-12 15:06:17,3,53,0.006093744188547134,
2025-06-12 15:06:18,3,54,0.005853178910911083,
2025-06-12 15:06:19,3,55,0.007610139437019825,
2025-06-12 15:06:20,3,56,0.011425092816352844,
2025-06-12 15:06:20,3,57,0.03318442404270172,
2025-06-12 15:06:21,3,58,0.008127976208925247,
2025-06-12 15:06:22,3,59,0.004260060843080282,
2025-06-12 15:06:23,3,60,0.012745905667543411,
2025-06-12 15:06:24,3,61,0.006510450970381498,
2025-06-12 15:06:25,3,62,0.00675541814416647,
2025-06-12 15:06:26,3,63,0.004865746945142746,
2025-06-12 15:06:26,3,64,0.00231986865401268,
2025-06-12 15:06:27,3,65,0.03755485266447067,
2025-06-12 15:06:28,3,66,0.020132314413785934,
2025-06-12 15:06:29,3,67,0.003487471491098404,
2025-06-12 15:06:30,3,68,0.0017253634287044406,
2025-06-12 15:06:31,3,69,0.001482432708144188,
2025-06-12 15:06:31,3,70,0.005366143770515919,
2025-06-12 15:06:32,3,71,0.018893979489803314,
2025-06-12 15:06:33,3,72,0.009005553089082241,
2025-06-12 15:06:34,3,73,0.002495754277333617,
2025-06-12 15:06:35,3,74,0.0025073839351534843,
2025-06-12 15:06:36,3,75,0.0022600851953029633,
2025-06-12 15:06:37,3,76,0.02373320423066616,
2025-06-12 15:06:37,3,77,0.01000174693763256,
2025-06-12 15:06:38,3,78,0.005334664136171341,
2025-06-12 15:06:39,3,79,0.0027508637867867947,
2025-06-12 15:06:40,3,80,0.008407389745116234,
2025-06-12 15:06:41,3,81,0.013533136807382107,
2025-06-12 15:06:42,3,82,0.021450862288475037,
2025-06-12 15:06:43,3,83,0.008808954618871212,
2025-06-12 15:06:43,3,84,0.002923187566921115,
2025-06-12 15:06:44,3,85,0.005722446367144585,
2025-06-12 15:06:45,3,86,0.011379726231098175,
2025-06-12 15:06:46,3,87,0.011372456327080727,
2025-06-12 15:06:47,3,88,0.007803742773830891,
2025-06-12 15:06:48,3,89,0.01719275861978531,
2025-06-12 15:06:48,3,90,0.004321816843003035,
2025-06-12 15:06:49,3,91,0.01845577359199524,
2025-06-12 15:06:50,3,92,0.023175247013568878,
2025-06-12 15:06:51,3,93,0.005403883755207062,
2025-06-12 15:06:52,3,94,0.002986966399475932,
2025-06-12 15:06:53,3,95,0.004440722521394491,
2025-06-12 15:06:54,3,96,0.008403094485402107,
2025-06-12 15:06:54,3,97,0.050683148205280304,
2025-06-12 15:06:55,3,98,0.029799489304423332,
2025-06-12 15:06:56,3,99,0.0013501307694241405,
2025-06-12 15:06:57,3,100,0.0031528566032648087,
2025-06-12 15:06:58,3,101,0.0013977810740470886,
2025-06-12 15:06:59,3,102,0.0025846052449196577,
2025-06-12 15:06:59,3,103,0.0186225064098835,
2025-06-12 15:07:00,3,104,0.007832227274775505,
2025-06-12 15:07:01,3,105,0.003023105440661311,
2025-06-12 15:07:02,3,106,0.0031453464180231094,
2025-06-12 15:07:03,3,107,0.007759313099086285,
2025-06-12 15:07:04,3,108,0.014727845788002014,
2025-06-12 15:07:05,3,109,0.016757434234023094,
2025-06-12 15:07:05,3,110,0.010950600728392601,
2025-06-12 15:07:06,3,111,0.009622416459023952,
2025-06-12 15:07:07,3,112,0.015899252146482468,
2025-06-12 15:07:08,3,113,0.023706957697868347,
2025-06-12 15:07:09,3,114,0.010957738384604454,
2025-06-12 15:07:10,3,115,0.0037550576962530613,
2025-06-12 15:07:11,3,116,0.004028371535241604,
2025-06-12 15:07:11,3,117,0.03259919583797455,
2025-06-12 15:07:12,3,118,0.027243880555033684,
2025-06-12 15:07:13,3,119,0.007680337876081467,
2025-06-12 15:07:14,3,120,0.004232027567923069,
2025-06-12 15:07:15,3,121,0.009512604214251041,
2025-06-12 15:07:16,3,122,0.005121711175888777,
2025-06-12 15:07:17,3,123,0.016575707122683525,
2025-06-12 15:07:18,3,124,0.008375868201255798,
2025-06-12 15:07:19,3,125,0.015930697321891785,
2025-06-12 15:07:19,3,126,0.005637098103761673,
2025-06-12 15:07:20,3,127,0.0041176192462444305,
2025-06-12 15:07:21,3,128,0.014381000772118568,
2025-06-12 15:07:22,3,129,0.013381819240748882,
2025-06-12 15:07:23,3,130,0.001934530446305871,
2025-06-12 15:07:24,3,131,0.004886765964329243,
2025-06-12 15:07:25,3,132,0.006197612266987562,
2025-06-12 15:07:26,3,133,0.005474213510751724,
2025-06-12 15:07:27,3,134,0.014194712042808533,
2025-06-12 15:07:27,3,135,0.008235710673034191,
2025-06-12 15:07:28,3,136,0.010114207863807678,
2025-06-12 15:07:29,3,137,0.011375682428479195,
2025-06-12 15:07:30,3,138,0.012196071445941925,
2025-06-12 15:07:31,3,139,0.021869946271181107,
2025-06-12 15:07:32,3,140,0.008239306509494781,
2025-06-12 15:07:33,3,141,0.0029907578136771917,
2025-06-12 15:07:34,3,142,0.004585375543683767,
2025-06-12 15:07:35,3,143,0.0015510849189013243,
2025-06-12 15:07:35,3,144,0.020827561616897583,
2025-06-12 15:07:36,3,145,0.04705245420336723,
2025-06-12 15:07:37,3,146,0.013895529322326183,
2025-06-12 15:07:38,3,147,0.004697886295616627,
2025-06-12 15:07:39,3,148,0.005512550473213196,
2025-06-12 15:07:40,3,149,0.021847590804100037,
2025-06-12 15:07:41,3,150,0.038257136940956116,
2025-06-12 15:07:42,3,151,0.004725925158709288,
2025-06-12 15:07:43,3,152,0.003007776103913784,
2025-06-12 15:07:43,3,153,0.006843531038612127,
2025-06-12 15:07:44,3,154,0.01620144210755825,
2025-06-12 15:07:45,3,155,0.017450351268053055,
2025-06-12 15:07:46,3,156,0.003067751182243228,
2025-06-12 15:07:47,3,157,0.002243552589789033,
2025-06-12 15:07:48,3,158,0.004797875415533781,
2025-06-12 15:07:49,3,159,0.010602546855807304,
2025-06-12 15:07:50,3,160,0.01173718087375164,
2025-06-12 15:07:50,3,161,0.004581931978464127,
2025-06-12 15:07:51,3,162,0.014034326188266277,
2025-06-12 15:07:52,3,163,0.004616312682628632,
2025-06-12 15:07:53,3,164,0.006113237701356411,
2025-06-12 15:07:54,3,165,0.006124433130025864,
2025-06-12 15:07:55,3,166,0.006905765738338232,
2025-06-12 15:07:56,3,167,0.005832898896187544,
2025-06-12 15:07:57,3,168,0.0018151092808693647,
2025-06-12 15:07:58,3,169,0.0017390083521604538,
2025-06-12 15:07:58,3,170,0.001762671279720962,
2025-06-12 15:07:59,3,171,0.003967290744185448,
2025-06-12 15:08:00,3,172,0.0050127399154007435,
2025-06-12 15:08:01,3,173,0.009360418654978275,
2025-06-12 15:08:02,3,174,0.00943926814943552,
2025-06-12 15:08:03,3,175,0.008018857799470425,
2025-06-12 15:08:04,3,176,0.007215393707156181,
2025-06-12 15:08:05,3,177,0.0030907904729247093,
2025-06-12 15:08:06,3,178,0.0024798314552754164,
2025-06-12 15:08:06,3,179,0.0012303652474656701,
2025-06-12 15:08:07,3,180,0.005202490836381912,
2025-06-12 15:08:08,3,181,0.0020027481950819492,
2025-06-12 15:08:09,3,182,0.0174152459949255,
2025-06-12 15:08:10,3,183,0.004787680692970753,
2025-06-12 15:08:11,3,184,0.005533274263143539,
2025-06-12 15:08:12,3,185,0.004992466885596514,
2025-06-12 15:08:13,3,186,0.0033181123435497284,
2025-06-12 15:08:13,3,187,0.005443282425403595,
2025-06-12 15:08:14,3,188,0.004539479501545429,
2025-06-12 15:08:15,3,189,0.0022206753492355347,
2025-06-12 15:08:16,3,190,0.007528418209403753,
2025-06-12 15:08:17,3,191,0.0037598542403429747,
2025-06-12 15:08:18,3,192,0.009525875560939312,
2025-06-12 15:08:19,3,193,0.013931925408542156,
2025-06-12 15:08:20,3,194,0.005245215725153685,
2025-06-12 15:08:20,3,195,0.01075170561671257,
2025-06-12 15:08:21,3,196,0.009775623679161072,
2025-06-12 15:08:22,3,197,0.009051216766238213,
2025-06-12 15:08:23,3,198,0.005352548323571682,
2025-06-12 15:08:24,3,199,0.004917030222713947,
2025-06-12 15:08:25,3,200,0.004462593700736761,
2025-06-12 15:08:26,3,201,0.0060984669253230095,
2025-06-12 15:08:27,3,202,0.017449945211410522,
2025-06-12 15:08:27,3,203,0.0033264150843024254,
2025-06-12 15:08:28,3,204,0.004726410377770662,
2025-06-12 15:08:29,3,205,0.004124301951378584,
2025-06-12 15:08:30,3,206,0.012764250859618187,
2025-06-12 15:08:31,3,207,0.0037482804618775845,
2025-06-12 15:08:32,3,208,0.0009435086976736784,
2025-06-12 15:08:33,3,209,0.0019389227963984013,
2025-06-12 15:08:34,3,210,0.0016645094146952033,
2025-06-12 15:08:35,3,211,0.0031604855321347713,
2025-06-12 15:08:35,3,212,0.001618553651496768,
2025-06-12 15:08:36,3,213,0.002178894355893135,
2025-06-12 15:08:37,3,214,0.0067225112579762936,
2025-06-12 15:08:38,3,215,0.0009255291661247611,
2025-06-12 15:08:39,3,216,0.0030946487095206976,
2025-06-12 15:08:40,3,217,0.0007460659253410995,
2025-06-12 15:08:41,3,218,0.000513797567691654,
2025-06-12 15:08:42,3,219,0.0016511918511241674,
2025-06-12 15:08:43,3,220,0.0004418187018018216,
2025-06-12 15:08:43,3,221,0.00045816408237442374,
2025-06-12 15:08:44,3,222,0.001055857166647911,
2025-06-12 15:08:45,3,223,0.0023720539174973965,
2025-06-12 15:08:46,3,224,0.000810040975920856,
2025-06-12 15:08:47,3,225,0.0020385151728987694,
2025-06-12 15:08:48,3,226,0.010803732089698315,
2025-06-12 15:08:49,3,227,0.0032993692439049482,
2025-06-12 15:08:50,3,228,0.0021236296743154526,
2025-06-12 15:08:50,3,229,0.000991528620943427,
2025-06-12 15:08:51,3,230,0.0013427380472421646,
2025-06-12 15:08:52,3,231,0.0010861887130886316,
2025-06-12 15:08:53,3,232,0.001270201988518238,
2025-06-12 15:08:54,3,233,0.0022898633033037186,
2025-06-12 15:08:55,3,234,0.0009504867484793067,
2025-06-12 15:08:56,3,235,0.0003333957865834236,
2025-06-12 15:08:57,3,236,0.0002478954556863755,
2025-06-12 15:08:58,3,237,0.00021272824960760772,
2025-06-12 15:08:58,3,238,0.00026296134456060827,
2025-06-12 15:08:59,3,239,0.0018304453697055578,
2025-06-12 15:09:00,3,240,0.0006336590158753097,
2025-06-12 15:09:01,3,241,0.0003131172270514071,
2025-06-12 15:09:02,3,242,0.00028059969190508127,
2025-06-12 15:09:03,3,243,0.0004130557645112276,
2025-06-12 15:09:04,3,244,0.00022995899780653417,
2025-06-12 15:09:05,3,245,0.00043307029409334064,
2025-06-12 15:09:05,3,246,0.000343323772540316,
2025-06-12 15:09:06,3,247,0.00025236979126930237,
2025-06-12 15:09:07,3,248,0.000262116314843297,
2025-06-12 15:09:08,3,249,0.00048486943705938756,
2025-06-12 15:09:09,3,250,0.00043130756239406765,
2025-06-12 15:09:10,3,251,0.00017769585247151554,
2025-06-12 15:09:11,3,252,0.00012898846762254834,
2025-06-12 15:09:12,3,253,0.002892708405852318,
2025-06-12 15:09:12,3,254,0.0013211019104346633,
2025-06-12 15:09:13,3,255,0.0005707921227440238,
2025-06-12 15:09:14,3,256,0.00044689205242320895,
2025-06-12 15:09:15,3,257,0.0005327597027644515,
2025-06-12 15:09:16,3,258,0.00015886826440691948,
2025-06-12 15:09:17,3,259,0.0005518837715499103,
2025-06-12 15:09:18,3,260,0.0005055020446889102,
2025-06-12 15:09:19,3,261,0.00040092552080750465,
2025-06-12 15:09:20,3,262,0.0005173071403987706,
2025-06-12 15:09:21,3,263,0.0009776672814041376,
2025-06-12 15:09:21,3,264,0.0006101250182837248,
2025-06-12 15:09:22,3,265,0.0006144007202237844,
2025-06-12 15:09:23,3,266,0.0018703800160437822,
2025-06-12 15:09:24,3,267,0.00023906139540486038,
2025-06-12 15:09:25,3,268,0.00035842120996676385,
2025-06-12 15:09:26,3,269,0.00033684371737763286,
2025-06-12 15:09:27,3,270,0.0005574757233262062,
2025-06-12 15:09:28,3,271,0.0014970740303397179,
2025-06-12 15:09:28,3,272,0.0019682426936924458,
2025-06-12 15:09:29,3,273,0.0027019937988370657,
2025-06-12 15:09:30,3,274,0.0011731963604688644,
2025-06-12 15:09:31,3,275,0.0007556935306638479,
2025-06-12 15:09:32,3,276,0.0016034890431910753,
2025-06-12 15:09:33,3,277,0.0031401249580085278,
2025-06-12 15:09:34,3,278,0.002674574963748455,
2025-06-12 15:09:35,3,279,0.000822894275188446,
2025-06-12 15:09:35,3,280,0.0012195146409794688,
2025-06-12 15:09:36,3,281,0.0008921482949517667,
2025-06-12 15:09:37,3,282,0.0022892961278557777,
2025-06-12 15:09:38,3,283,0.0013353500980883837,
2025-06-12 15:09:39,3,284,0.0018984321504831314,
2025-06-12 15:09:40,3,285,0.0014396233018487692,
2025-06-12 15:09:41,3,286,0.0012065498158335686,
2025-06-12 15:09:42,3,287,0.004219528753310442,
2025-06-12 15:09:42,3,288,0.001124172005802393,
2025-06-12 15:09:43,3,289,0.003128575859591365,
2025-06-12 15:09:44,3,290,0.0028052516281604767,
2025-06-12 15:09:45,3,291,0.007429984863847494,
2025-06-12 15:09:46,3,292,0.012162050232291222,
2025-06-12 15:09:47,3,293,0.0042961714789271355,
2025-06-12 15:09:48,3,294,0.0010916858445852995,
2025-06-12 15:09:48,3,295,0.0018047939520329237,
2025-06-12 15:09:49,3,296,0.002677434589713812,
2025-06-12 15:09:50,3,297,0.0031382013112306595,
2025-06-12 15:09:51,3,298,0.00878031924366951,
2025-06-12 15:09:52,3,299,0.013183745555579662,
2025-06-12 15:09:53,3,300,0.0014331996208056808,
2025-06-12 15:09:54,3,301,0.009086571633815765,
2025-06-12 15:09:55,3,302,0.0036716689355671406,
2025-06-12 15:09:55,3,303,0.00564675685018301,
2025-06-12 15:09:56,3,304,0.0020236284472048283,
2025-06-12 15:09:57,3,305,0.0022761058062314987,
2025-06-12 15:09:58,3,306,0.001878170296549797,
2025-06-12 15:09:59,3,307,0.013621995225548744,
2025-06-12 15:10:00,3,308,0.004670247435569763,
2025-06-12 15:10:01,3,309,0.002259348053485155,
2025-06-12 15:10:02,3,310,0.012856004759669304,
2025-06-12 15:10:03,3,311,0.0012953311670571566,
2025-06-12 15:10:03,3,312,0.023029591888189316,
2025-06-12 15:10:04,3,313,0.009492683224380016,
2025-06-12 15:10:05,3,314,0.002085419138893485,
2025-06-12 15:10:06,3,315,0.004532114136964083,
2025-06-12 15:10:07,3,316,0.004274783656001091,
2025-06-12 15:10:08,3,317,0.008152090013027191,
2025-06-12 15:10:09,3,318,0.009662767872214317,
2025-06-12 15:10:10,3,319,0.022049598395824432,
2025-06-12 15:10:10,3,320,0.007116356398910284,
2025-06-12 15:10:11,3,321,0.007137845270335674,
2025-06-12 15:10:12,3,322,0.012689797207713127,
2025-06-12 15:10:13,3,323,0.014141767285764217,
2025-06-12 15:10:14,3,324,0.024477874860167503,
2025-06-12 15:10:15,3,325,0.0026844849344342947,
2025-06-12 15:10:16,3,326,0.0028426924254745245,
2025-06-12 15:10:17,3,327,0.009012298658490181,
2025-06-12 15:10:17,3,328,0.013749445788562298,
2025-06-12 15:10:18,3,329,0.010634655132889748,
2025-06-12 15:10:19,3,330,0.016484014689922333,
2025-06-12 15:10:20,3,331,0.01564965769648552,
2025-06-12 15:10:21,3,332,0.00994846224784851,
2025-06-12 15:10:22,3,333,0.025339355692267418,
2025-06-12 15:10:23,3,334,0.025449171662330627,
2025-06-12 15:10:24,3,335,0.00982007384300232,
2025-06-12 15:10:24,3,336,0.012604450806975365,
2025-06-12 15:10:25,3,337,0.011083095334470272,
2025-06-12 15:10:26,3,338,0.038436077535152435,
2025-06-12 15:10:27,3,339,0.015141056850552559,
2025-06-12 15:10:28,3,340,0.024970289319753647,
2025-06-12 15:10:29,3,341,0.03948018327355385,
2025-06-12 15:10:30,3,342,0.005510188639163971,
2025-06-12 15:10:31,3,343,0.037181008607149124,
2025-06-12 15:10:31,3,344,0.01781870797276497,
2025-06-12 15:10:32,3,345,0.01290801726281643,
2025-06-12 15:10:33,3,346,0.0032244003377854824,
2025-06-12 15:10:34,3,347,0.003476201556622982,
2025-06-12 15:10:35,3,348,0.008814558386802673,
2025-06-12 15:10:36,3,349,0.0138647286221385,
2025-06-12 15:10:37,3,350,0.010286718606948853,
2025-06-12 15:10:38,3,351,0.0067627690732479095,
2025-06-12 15:10:39,3,352,0.006635033991187811,
2025-06-12 15:10:39,3,353,0.006670840084552765,
2025-06-12 15:10:40,3,354,0.022212883457541466,
2025-06-12 15:10:41,3,355,0.02063550241291523,
2025-06-12 15:10:42,3,356,0.004735142923891544,
2025-06-12 15:10:43,3,357,0.00447126617655158,
2025-06-12 15:10:44,3,358,0.010546980425715446,
2025-06-12 15:10:45,3,359,0.010659459047019482,
2025-06-12 15:10:46,3,360,0.02079758420586586,
2025-06-12 15:10:46,3,361,0.010786606930196285,
2025-06-12 15:10:47,3,362,0.002513088984414935,
2025-06-12 15:10:48,3,363,0.008040957152843475,
2025-06-12 15:10:49,3,364,0.008639921434223652,
2025-06-12 15:10:50,3,365,0.025785960257053375,
2025-06-12 15:10:51,3,366,0.006414865609258413,
2025-06-12 15:10:52,3,367,0.0013638905948027968,
2025-06-12 15:10:53,3,368,0.003170176176354289,
2025-06-12 15:10:53,3,369,0.008028091862797737,
2025-06-12 15:10:54,3,370,0.01623721420764923,
2025-06-12 15:10:55,3,371,0.008848209865391254,
2025-06-12 15:10:56,3,372,0.004782098811119795,
2025-06-12 15:10:57,3,373,0.004358568228781223,
2025-06-12 15:10:58,3,374,0.009942576289176941,
2025-06-12 15:10:59,3,375,0.011608744971454144,
2025-06-12 15:11:00,3,376,0.003392779268324375,
2025-06-12 15:11:00,3,377,0.002476368099451065,
2025-06-12 15:11:01,3,378,0.007783064153045416,
2025-06-12 15:11:02,3,379,0.0662519559264183,
2025-06-12 15:11:03,3,380,0.00738192442804575,
2025-06-12 15:11:04,3,381,0.005909658037126064,
2025-06-12 15:11:05,3,382,0.020200736820697784,
2025-06-12 15:11:06,3,383,0.0063180625438690186,
2025-06-12 15:11:07,3,384,0.0037547480314970016,
2025-06-12 15:11:07,3,385,0.011118413880467415,
2025-06-12 15:11:08,3,386,0.008081690408289433,
2025-06-12 15:11:09,3,387,0.017997242510318756,
2025-06-12 15:11:10,3,388,0.00447419798001647,
2025-06-12 15:11:11,3,389,0.008839640766382217,
2025-06-12 15:11:12,3,390,0.010764549486339092,
2025-06-12 15:11:13,3,391,0.01688827946782112,
2025-06-12 15:11:14,3,392,0.005327798426151276,
2025-06-12 15:11:15,3,393,0.0037729814648628235,
2025-06-12 15:11:15,3,394,0.0036666083615273237,
2025-06-12 15:11:16,3,395,0.004872703459113836,
2025-06-12 15:11:17,3,396,0.0269500520080328,
2025-06-12 15:11:18,3,397,0.020636657252907753,
2025-06-12 15:11:19,3,398,0.006161968223750591,
2025-06-12 15:11:20,3,399,0.0019750306382775307,
2025-06-12 15:11:21,3,400,0.0026111924089491367,
2025-06-12 15:11:22,3,401,0.008066358976066113,
2025-06-12 15:11:23,3,402,0.012224959209561348,
2025-06-12 15:11:23,3,403,0.004506191238760948,
2025-06-12 15:11:24,3,404,0.005334670655429363,
2025-06-12 15:11:25,3,405,0.007397533394396305,
2025-06-12 15:11:26,3,406,0.005950082093477249,
2025-06-12 15:11:27,3,407,0.008573247119784355,
2025-06-12 15:11:28,3,408,0.005165672395378351,
2025-06-12 15:11:29,3,409,0.002836321946233511,
2025-06-12 15:11:30,3,410,0.005057263653725386,
2025-06-12 15:11:30,3,411,0.00892972107976675,
2025-06-12 15:11:31,3,412,0.013637185096740723,
2025-06-12 15:11:32,3,413,0.013259361498057842,
2025-06-12 15:11:33,3,414,0.0038728832732886076,
2025-06-12 15:11:34,3,415,0.011616555973887444,
2025-06-12 15:11:35,3,416,0.010067624039947987,
2025-06-12 15:11:36,3,417,0.028020447120070457,
2025-06-12 15:11:37,3,418,0.015210984274744987,
2025-06-12 15:11:38,3,419,0.0018652696162462234,
2025-06-12 15:11:39,3,420,0.0034975577145814896,
2025-06-12 15:11:40,3,421,0.005811777897179127,
2025-06-12 15:11:40,3,422,0.008077235892415047,
2025-06-12 15:11:41,3,423,0.008109083399176598,
2025-06-12 15:11:42,3,424,0.006576887331902981,
2025-06-12 15:11:43,3,425,0.00570899061858654,
2025-06-12 15:11:44,3,426,0.0014361407374963164,
2025-06-12 15:11:45,3,427,0.009528189897537231,
2025-06-12 15:11:46,3,428,0.011680121533572674,
2025-06-12 15:11:47,3,429,0.012599505484104156,
2025-06-12 15:11:48,3,430,0.0015679947100579739,
2025-06-12 15:11:49,3,431,0.0016357282875105739,
2025-06-12 15:11:50,3,432,0.010801169089972973,
2025-06-12 15:11:51,3,433,0.027980700135231018,
2025-06-12 15:11:52,3,434,0.011247098445892334,
2025-06-12 15:11:53,3,435,0.0009128658566623926,
2025-06-12 15:11:54,3,436,0.004304288886487484,
2025-06-12 15:11:54,3,437,0.00524996779859066,
2025-06-12 15:11:55,3,438,0.031941138207912445,
2025-06-12 15:11:56,3,439,0.017535878345370293,
2025-06-12 15:11:57,3,440,0.005862709134817123,
2025-06-12 15:11:58,3,441,0.00373041327111423,
2025-06-12 15:11:59,3,442,0.006015293300151825,
2025-06-12 15:12:00,3,443,0.012786388397216797,
2025-06-12 15:12:01,3,444,0.01696748659014702,
2025-06-12 15:12:02,3,445,0.004958545323461294,
2025-06-12 15:12:03,3,446,0.0018597566522657871,
2025-06-12 15:12:03,3,447,0.010597232729196548,
2025-06-12 15:12:04,3,448,0.011769302189350128,
2025-06-12 15:12:05,3,449,0.006851489655673504,
2025-06-12 15:12:06,3,450,0.009821558371186256,
2025-06-12 15:12:07,3,451,0.0034775924868881702,
2025-06-12 15:12:08,3,452,0.0029927860014140606,
2025-06-12 15:12:09,3,453,0.012605748139321804,
2025-06-12 15:12:10,3,454,0.005687618162482977,
2025-06-12 15:12:11,3,455,0.018349427729845047,
2025-06-12 15:12:11,3,456,0.0068498216569423676,
2025-06-12 15:12:12,3,457,0.006401219870895147,
2025-06-12 15:12:13,3,458,0.0022531896829605103,
2025-06-12 15:12:14,3,459,0.005692645441740751,
2025-06-12 15:12:15,3,460,0.003412656020373106,
2025-06-12 15:12:16,3,461,0.028306055814027786,
2025-06-12 15:12:17,3,462,0.0037298656534403563,
2025-06-12 15:12:17,3,463,0.004376808647066355,
2025-06-12 15:12:18,3,464,0.009668402373790741,
2025-06-12 15:12:19,3,465,0.0062246620655059814,
2025-06-12 15:12:20,3,466,0.007597529795020819,
2025-06-12 15:12:21,3,467,0.005622520111501217,
2025-06-12 15:12:22,3,468,0.008161013945937157,
2025-06-12 15:12:23,3,469,0.007253866642713547,
2025-06-12 15:12:24,3,470,0.007796598132699728,
2025-06-12 15:12:24,3,471,0.00436585396528244,
2025-06-12 15:12:25,3,472,0.0035064183175563812,
2025-06-12 15:12:26,3,473,0.005479770712554455,
2025-06-12 15:12:27,3,474,0.006297727581113577,
2025-06-12 15:12:28,3,475,0.0040093641728162766,
2025-06-12 15:12:29,3,476,0.002794255968183279,
2025-06-12 15:12:30,3,477,0.0018048565834760666,
2025-06-12 15:12:31,3,478,0.0015797329833731055,
2025-06-12 15:12:32,3,479,0.0007417890010401607,
2025-06-12 15:12:32,3,480,0.0003812280192505568,
2025-06-12 15:12:33,3,481,0.0021335373166948557,
2025-06-12 15:12:34,3,482,0.0016834655543789268,
2025-06-12 15:12:35,3,483,0.0023572267964482307,
2025-06-12 15:12:36,3,484,0.0015631306450814009,
2025-06-12 15:12:37,3,485,0.009630724787712097,
2025-06-12 15:12:38,3,486,0.0031899046152830124,
2025-06-12 15:12:39,3,487,0.0018755756318569183,
2025-06-12 15:12:39,3,488,0.0010561734670773149,
2025-06-12 15:12:40,3,489,0.001761759165674448,
2025-06-12 15:12:41,3,490,0.002390926703810692,
2025-06-12 15:12:42,3,491,0.0006755971116945148,
2025-06-12 15:12:43,3,492,0.0007966597331687808,
2025-06-12 15:12:44,3,493,0.0007122381939552724,
2025-06-12 15:12:45,3,494,0.0009209701674990356,
2025-06-12 15:12:46,3,495,0.001168019138276577,
2025-06-12 15:12:47,3,496,0.0007815989665687084,
2025-06-12 15:12:48,3,497,0.0009979852475225925,
2025-06-12 15:12:48,3,498,0.0030929106287658215,
2025-06-12 15:12:49,3,499,0.006997981108725071,
2025-06-12 15:12:50,3,500,0.00113541423343122,
2025-06-12 15:12:51,3,501,0.0008048139279708266,
2025-06-12 15:12:52,3,502,0.0009430398931726813,
2025-06-12 15:12:53,3,503,0.0003758267848752439,
2025-06-12 15:12:54,3,504,0.0002349709247937426,
2025-06-12 15:12:55,3,505,0.008069599978625774,
2025-06-12 15:12:55,3,506,0.0022940204944461584,
2025-06-12 15:12:56,3,507,0.0006627013208344579,
2025-06-12 15:12:57,3,508,0.0014012533938512206,
2025-06-12 15:12:58,3,509,0.0008222641190513968,
2025-06-12 15:12:59,3,510,0.00035900744842365384,
2025-06-12 15:13:00,3,511,0.0007533164462074637,
2025-06-12 15:13:01,3,512,0.000369358342140913,
2025-06-12 15:13:02,3,513,0.0003864356258418411,
2025-06-12 15:13:03,3,514,0.00022026138321962208,
2025-06-12 15:13:04,3,515,0.00013578527432400733,
2025-06-12 15:13:04,3,516,0.00039544602623209357,
2025-06-12 15:13:05,3,517,0.0004241477872710675,
2025-06-12 15:13:06,3,518,0.0003772624768316746,
2025-06-12 15:13:07,3,519,0.00013658672105520964,
2025-06-12 15:13:08,3,520,0.00012650345161091536,
2025-06-12 15:13:09,3,521,0.00023753561254125088,
2025-06-12 15:13:10,3,522,0.00045490157208405435,
2025-06-12 15:13:11,3,523,0.0009745328570716083,
2025-06-12 15:13:11,3,524,0.0004518082714639604,
2025-06-12 15:13:12,3,525,0.0001259901764569804,
2025-06-12 15:13:13,3,526,0.00022230323520489037,
2025-06-12 15:13:14,3,527,0.00039272484718821943,
2025-06-12 15:13:15,3,528,0.0004330399679020047,
2025-06-12 15:13:16,3,529,0.000250187556957826,
2025-06-12 15:13:17,3,530,0.00010292994556948543,
2025-06-12 15:13:18,3,531,0.00015267718117684126,
2025-06-12 15:13:19,3,532,0.00034269626485183835,
2025-06-12 15:13:20,3,533,0.0003287343424744904,
2025-06-12 15:13:20,3,534,0.0006579157779924572,
2025-06-12 15:13:21,3,535,0.00017581750580575317,
2025-06-12 15:13:22,3,536,0.002257188316434622,
2025-06-12 15:13:23,3,537,0.0007415334694087505,
2025-06-12 15:13:24,3,538,0.00042810323066078126,
2025-06-12 15:13:25,3,539,0.0008339473861269653,
2025-06-12 15:13:26,3,540,0.0002720847842283547,
2025-06-12 15:13:26,3,541,0.000954323448240757,
2025-06-12 15:13:27,3,542,0.0007666060118936002,
2025-06-12 15:13:28,3,543,0.000564239569939673,
2025-06-12 15:13:29,3,544,0.001578170689754188,
2025-06-12 15:13:30,3,545,0.0007377444999292493,
2025-06-12 15:13:31,3,546,0.000654498056974262,
2025-06-12 15:13:32,3,547,0.0013255642261356115,
2025-06-12 15:13:33,3,548,0.001252637943252921,
2025-06-12 15:13:33,3,549,0.0007088901475071907,
2025-06-12 15:13:34,3,550,0.001716195372864604,
2025-06-12 15:13:35,3,551,0.0027180397883057594,
2025-06-12 15:13:36,3,552,0.005705371033400297,
2025-06-12 15:13:37,3,553,0.001767036272212863,
2025-06-12 15:13:38,3,554,0.000798691704403609,
2025-06-12 15:13:39,3,555,0.0037205477710813284,
2025-06-12 15:13:40,3,556,0.0023654457181692123,
2025-06-12 15:13:41,3,557,0.0015794462524354458,
2025-06-12 15:13:42,3,558,0.0034528765827417374,
2025-06-12 15:13:43,3,559,0.0017624860629439354,
2025-06-12 15:13:43,3,560,0.007852884009480476,
2025-06-12 15:13:44,3,561,0.0013909696135669947,
2025-06-12 15:13:45,3,562,0.0016071235295385122,
2025-06-12 15:13:46,3,563,0.0018001835560426116,
2025-06-12 15:13:47,3,564,0.005891218315809965,
2025-06-12 15:13:48,3,565,0.010333801619708538,
2025-06-12 15:13:49,3,566,0.0044111222960054874,
2025-06-12 15:13:50,3,567,0.003577333642169833,
2025-06-12 15:13:51,3,568,0.004116266034543514,
2025-06-12 15:13:51,3,569,0.0038742795586586,
2025-06-12 15:13:52,3,570,0.0028973817825317383,
2025-06-12 15:13:53,3,571,0.006186710204929113,
2025-06-12 15:13:54,3,572,0.0014170216163620353,
2025-06-12 15:13:55,3,573,0.008777201175689697,
2025-06-12 15:13:56,3,574,0.009233415126800537,
2025-06-12 15:13:57,3,575,0.002771328901872039,
2025-06-12 15:13:58,3,576,0.008290923200547695,
2025-06-12 15:13:59,3,577,0.00980756152421236,
2025-06-12 15:14:00,3,578,0.006086144596338272,
2025-06-12 15:14:01,3,579,0.0041157896630465984,
2025-06-12 15:14:01,3,580,0.002862239256501198,
2025-06-12 15:14:02,3,581,0.008356398902833462,
2025-06-12 15:14:03,3,582,0.005533536896109581,
2025-06-12 15:14:04,3,583,0.0037989316042512655,
2025-06-12 15:14:05,3,584,0.0036716933827847242,
2025-06-12 15:14:06,3,585,0.005640706047415733,
2025-06-12 15:14:07,3,586,0.008676331490278244,
2025-06-12 15:14:08,3,587,0.0031036040745675564,
2025-06-12 15:14:08,3,588,0.001889400533400476,
2025-06-12 15:14:09,3,589,0.002816862193867564,
2025-06-12 15:14:10,3,590,0.02139410935342312,
2025-06-12 15:14:11,3,591,0.018753251060843468,
2025-06-12 15:14:12,3,592,0.009900415316224098,
2025-06-12 15:14:13,3,593,0.0028973445296287537,
2025-06-12 15:14:14,3,594,0.003498481586575508,
2025-06-12 15:14:14,3,595,0.0037894216366112232,
2025-06-12 15:14:49,3,avg,0.006925776872334869,0.013079109053113356
2025-06-12 15:14:50,4,1,0.006177116185426712,
2025-06-12 15:14:51,4,2,0.010235712863504887,
2025-06-12 15:14:52,4,3,0.005322956945747137,
2025-06-12 15:14:52,4,4,0.005022912286221981,
2025-06-12 15:14:53,4,5,0.0014661271125078201,
2025-06-12 15:14:54,4,6,0.0018035214161500335,
2025-06-12 15:14:55,4,7,0.0008152021327987313,
2025-06-12 15:14:56,4,8,0.0014595622196793556,
2025-06-12 15:14:56,4,9,0.0028359543066471815,
2025-06-12 15:14:57,4,10,0.007404660806059837,
2025-06-12 15:14:58,4,11,0.008142941631376743,
2025-06-12 15:14:59,4,12,0.004755374044179916,
2025-06-12 15:15:00,4,13,0.0038640140555799007,
2025-06-12 15:15:01,4,14,0.006378860678523779,
2025-06-12 15:15:02,4,15,0.002737001981586218,
2025-06-12 15:15:03,4,16,0.0055991047993302345,
